date,title,result,odds,date_bet,identifier
2016-11-06T03:12:38.735656,Miloš Zeman,Vítěz,1.9,12.1. 12:00,60210
2016-11-06T03:12:38.735656,Michal Horáček,Vítěz,3.25,12.1. 12:00,60211
2016-11-06T03:12:38.735656,Jan Švejnar,Vítěz,21,12.1. 12:00,60212
2016-11-06T03:12:38.735656,Tomáš Halík,Vítěz,82,12.1. 12:00,60213
2016-11-06T03:12:38.735656,Jiří Pospíšil,Vítěz,20,12.1. 12:00,60292
2016-11-06T03:12:38.735656,Jiří Dienstbier,Vítěz,105,12.1. 12:00,60293
2016-11-06T03:12:38.735656,Pavel Rychetský,Vítěz,25,12.1. 12:00,60294
2016-11-06T03:12:38.735656,Zuzana Roithová,Vítěz,70,12.1. 12:00,60295
2016-11-06T03:12:38.735656,Vladimír Dlouhý,Vítěz,60,12.1. 12:00,60296
2016-11-06T03:12:38.735656,Andrej Babiš,Vítěz,50,12.1. 12:00,60297
2016-11-06T03:12:38.735656,Tomio Okamura,Vítěz,200,12.1. 12:00,60298
2016-11-06T03:12:38.735656,Jaroslav Kubera,Vítěz,100,12.1. 12:00,60299
2016-11-06T03:12:38.735656,Václav Klaus st.,Vítěz,36,12.1. 12:00,60300
2016-11-06T03:12:38.735656,Livia Klausová,Vítěz,250,12.1. 12:00,60301
2016-11-06T03:12:38.735656,Václav Klaus ml.,Vítěz,305,12.1. 12:00,60302
2016-11-06T03:12:38.735656,Zdeněk Škromach,Vítěz,525,12.1. 12:00,60303
2016-11-06T03:12:38.735656,Petr Pavel,Vítěz,250,12.1. 12:00,60304
2016-11-06T03:12:38.735656,Jaromír Jágr,Vítěz,680,12.1. 12:00,60305
2016-11-06T03:12:38.735656,Miroslav Sládek,Vítěz,3113,12.1. 12:00,60306
2016-11-06T03:12:38.735656,Karel Gott,Vítěz,750,12.1. 12:00,60307
2016-11-06T03:12:38.735656,Marek Eben,Vítěz,888,12.1. 12:00,60308
2016-11-06T03:12:38.735656,Milan Kohout,Vítěz,1500,12.1. 12:00,60309
2016-11-06T03:12:38.735656,Jana Yngland Hrušková,Vítěz,2000,12.1. 12:00,60310
2016-11-06T03:12:38.735656,Marek Hilšer,Vítěz,2000,12.1. 12:00,60311
2016-11-06T03:12:38.735656,Vladimír Špidla,Vítěz,500,12.1. 12:00,60312
2016-11-06T03:12:38.735656,Martin Stropnický,Vítěz,40,12.1. 12:00,60313
2016-11-06T03:12:38.735656,Marek Dalík,Vítěz,9999,12.1. 12:00,60314
2016-11-06T03:12:38.735656,Daniel Herman,Vítěz,125,12.1. 12:00,60321
2016-11-06T03:12:38.735656,Karel Schwarzenberg,Vítěz,55,12.1. 12:00,60322
2016-11-06T03:12:38.735656,Jan Kraus,Vítěz,1111,12.1. 12:00,60323
2016-11-06T03:36:32.765987,Miloš Zeman,Vítěz,1.9,12.1. 12:00,60210
2016-11-06T03:36:32.765987,Michal Horáček,Vítěz,3.25,12.1. 12:00,60211
2016-11-06T03:36:32.765987,Jan Švejnar,Vítěz,21,12.1. 12:00,60212
2016-11-06T03:36:32.765987,Tomáš Halík,Vítěz,82,12.1. 12:00,60213
2016-11-06T03:36:32.765987,Jiří Pospíšil,Vítěz,20,12.1. 12:00,60292
2016-11-06T03:36:32.765987,Jiří Dienstbier,Vítěz,105,12.1. 12:00,60293
2016-11-06T03:36:32.765987,Pavel Rychetský,Vítěz,25,12.1. 12:00,60294
2016-11-06T03:36:32.765987,Zuzana Roithová,Vítěz,70,12.1. 12:00,60295
2016-11-06T03:36:32.765987,Vladimír Dlouhý,Vítěz,60,12.1. 12:00,60296
2016-11-06T03:36:32.765987,Andrej Babiš,Vítěz,50,12.1. 12:00,60297
2016-11-06T03:36:32.765987,Tomio Okamura,Vítěz,200,12.1. 12:00,60298
2016-11-06T03:36:32.765987,Jaroslav Kubera,Vítěz,100,12.1. 12:00,60299
2016-11-06T03:36:32.765987,Václav Klaus st.,Vítěz,36,12.1. 12:00,60300
2016-11-06T03:36:32.765987,Livia Klausová,Vítěz,250,12.1. 12:00,60301
2016-11-06T03:36:32.765987,Václav Klaus ml.,Vítěz,305,12.1. 12:00,60302
2016-11-06T03:36:32.765987,Zdeněk Škromach,Vítěz,525,12.1. 12:00,60303
2016-11-06T03:36:32.765987,Petr Pavel,Vítěz,250,12.1. 12:00,60304
2016-11-06T03:36:32.765987,Jaromír Jágr,Vítěz,680,12.1. 12:00,60305
2016-11-06T03:36:32.765987,Miroslav Sládek,Vítěz,3113,12.1. 12:00,60306
2016-11-06T03:36:32.765987,Karel Gott,Vítěz,750,12.1. 12:00,60307
2016-11-06T03:36:32.765987,Marek Eben,Vítěz,888,12.1. 12:00,60308
2016-11-06T03:36:32.765987,Milan Kohout,Vítěz,1500,12.1. 12:00,60309
2016-11-06T03:36:32.765987,Jana Yngland Hrušková,Vítěz,2000,12.1. 12:00,60310
2016-11-06T03:36:32.765987,Marek Hilšer,Vítěz,2000,12.1. 12:00,60311
2016-11-06T03:36:32.765987,Vladimír Špidla,Vítěz,500,12.1. 12:00,60312
2016-11-06T03:36:32.765987,Martin Stropnický,Vítěz,40,12.1. 12:00,60313
2016-11-06T03:36:32.765987,Marek Dalík,Vítěz,9999,12.1. 12:00,60314
2016-11-06T03:36:32.765987,Daniel Herman,Vítěz,125,12.1. 12:00,60321
2016-11-06T03:36:32.765987,Karel Schwarzenberg,Vítěz,55,12.1. 12:00,60322
2016-11-06T03:36:32.765987,Jan Kraus,Vítěz,1111,12.1. 12:00,60323
2016-11-06T03:42:00.580180,Miloš Zeman,Vítěz,1.9,12.1. 12:00,60210
2016-11-06T03:42:00.580180,Michal Horáček,Vítěz,3.25,12.1. 12:00,60211
2016-11-06T03:42:00.580180,Jan Švejnar,Vítěz,21,12.1. 12:00,60212
2016-11-06T03:42:00.580180,Tomáš Halík,Vítěz,82,12.1. 12:00,60213
2016-11-06T03:42:00.580180,Jiří Pospíšil,Vítěz,20,12.1. 12:00,60292
2016-11-06T03:42:00.580180,Jiří Dienstbier,Vítěz,105,12.1. 12:00,60293
2016-11-06T03:42:00.580180,Pavel Rychetský,Vítěz,25,12.1. 12:00,60294
2016-11-06T03:42:00.580180,Zuzana Roithová,Vítěz,70,12.1. 12:00,60295
2016-11-06T03:42:00.580180,Vladimír Dlouhý,Vítěz,60,12.1. 12:00,60296
2016-11-06T03:42:00.580180,Andrej Babiš,Vítěz,50,12.1. 12:00,60297
2016-11-06T03:42:00.580180,Tomio Okamura,Vítěz,200,12.1. 12:00,60298
2016-11-06T03:42:00.580180,Jaroslav Kubera,Vítěz,100,12.1. 12:00,60299
2016-11-06T03:42:00.580180,Václav Klaus st.,Vítěz,36,12.1. 12:00,60300
2016-11-06T03:42:00.580180,Livia Klausová,Vítěz,250,12.1. 12:00,60301
2016-11-06T03:42:00.580180,Václav Klaus ml.,Vítěz,305,12.1. 12:00,60302
2016-11-06T03:42:00.580180,Zdeněk Škromach,Vítěz,525,12.1. 12:00,60303
2016-11-06T03:42:00.580180,Petr Pavel,Vítěz,250,12.1. 12:00,60304
2016-11-06T03:42:00.580180,Jaromír Jágr,Vítěz,680,12.1. 12:00,60305
2016-11-06T03:42:00.580180,Miroslav Sládek,Vítěz,3113,12.1. 12:00,60306
2016-11-06T03:42:00.580180,Karel Gott,Vítěz,750,12.1. 12:00,60307
2016-11-06T03:42:00.580180,Marek Eben,Vítěz,888,12.1. 12:00,60308
2016-11-06T03:42:00.580180,Milan Kohout,Vítěz,1500,12.1. 12:00,60309
2016-11-06T03:42:00.580180,Jana Yngland Hrušková,Vítěz,2000,12.1. 12:00,60310
2016-11-06T03:42:00.580180,Marek Hilšer,Vítěz,2000,12.1. 12:00,60311
2016-11-06T03:42:00.580180,Vladimír Špidla,Vítěz,500,12.1. 12:00,60312
2016-11-06T03:42:00.580180,Martin Stropnický,Vítěz,40,12.1. 12:00,60313
2016-11-06T03:42:00.580180,Marek Dalík,Vítěz,9999,12.1. 12:00,60314
2016-11-06T03:42:00.580180,Daniel Herman,Vítěz,125,12.1. 12:00,60321
2016-11-06T03:42:00.580180,Karel Schwarzenberg,Vítěz,55,12.1. 12:00,60322
2016-11-06T03:42:00.580180,Jan Kraus,Vítěz,1111,12.1. 12:00,60323
2016-11-06T03:54:04.500958,Miloš Zeman,Vítěz,1.9,12.1. 12:00,60210
2016-11-06T03:54:04.500958,Michal Horáček,Vítěz,3.25,12.1. 12:00,60211
2016-11-06T03:54:04.500958,Jan Švejnar,Vítěz,21,12.1. 12:00,60212
2016-11-06T03:54:04.500958,Tomáš Halík,Vítěz,82,12.1. 12:00,60213
2016-11-06T03:54:04.500958,Jiří Pospíšil,Vítěz,20,12.1. 12:00,60292
2016-11-06T03:54:04.500958,Jiří Dienstbier,Vítěz,105,12.1. 12:00,60293
2016-11-06T03:54:04.500958,Pavel Rychetský,Vítěz,25,12.1. 12:00,60294
2016-11-06T03:54:04.500958,Zuzana Roithová,Vítěz,70,12.1. 12:00,60295
2016-11-06T03:54:04.500958,Vladimír Dlouhý,Vítěz,60,12.1. 12:00,60296
2016-11-06T03:54:04.500958,Andrej Babiš,Vítěz,50,12.1. 12:00,60297
2016-11-06T03:54:04.500958,Tomio Okamura,Vítěz,200,12.1. 12:00,60298
2016-11-06T03:54:04.500958,Jaroslav Kubera,Vítěz,100,12.1. 12:00,60299
2016-11-06T03:54:04.500958,Václav Klaus st.,Vítěz,36,12.1. 12:00,60300
2016-11-06T03:54:04.500958,Livia Klausová,Vítěz,250,12.1. 12:00,60301
2016-11-06T03:54:04.500958,Václav Klaus ml.,Vítěz,305,12.1. 12:00,60302
2016-11-06T03:54:04.500958,Zdeněk Škromach,Vítěz,525,12.1. 12:00,60303
2016-11-06T03:54:04.500958,Petr Pavel,Vítěz,250,12.1. 12:00,60304
2016-11-06T03:54:04.500958,Jaromír Jágr,Vítěz,680,12.1. 12:00,60305
2016-11-06T03:54:04.500958,Miroslav Sládek,Vítěz,3113,12.1. 12:00,60306
2016-11-06T03:54:04.500958,Karel Gott,Vítěz,750,12.1. 12:00,60307
2016-11-06T03:54:04.500958,Marek Eben,Vítěz,888,12.1. 12:00,60308
2016-11-06T03:54:04.500958,Milan Kohout,Vítěz,1500,12.1. 12:00,60309
2016-11-06T03:54:04.500958,Jana Yngland Hrušková,Vítěz,2000,12.1. 12:00,60310
2016-11-06T03:54:04.500958,Marek Hilšer,Vítěz,2000,12.1. 12:00,60311
2016-11-06T03:54:04.500958,Vladimír Špidla,Vítěz,500,12.1. 12:00,60312
2016-11-06T03:54:04.500958,Martin Stropnický,Vítěz,40,12.1. 12:00,60313
2016-11-06T03:54:04.500958,Marek Dalík,Vítěz,9999,12.1. 12:00,60314
2016-11-06T03:54:04.500958,Daniel Herman,Vítěz,125,12.1. 12:00,60321
2016-11-06T03:54:04.500958,Karel Schwarzenberg,Vítěz,55,12.1. 12:00,60322
2016-11-06T03:54:04.500958,Jan Kraus,Vítěz,1111,12.1. 12:00,60323
2016-11-06T11:01:02.504146,Miloš Zeman,Vítěz,1.9,12.1. 12:00,60210
2016-11-06T11:01:02.504146,Michal Horáček,Vítěz,3.25,12.1. 12:00,60211
2016-11-06T11:01:02.504146,Jan Švejnar,Vítěz,21,12.1. 12:00,60212
2016-11-06T11:01:02.504146,Tomáš Halík,Vítěz,82,12.1. 12:00,60213
2016-11-06T11:01:02.504146,Jiří Pospíšil,Vítěz,20,12.1. 12:00,60292
2016-11-06T11:01:02.504146,Jiří Dienstbier,Vítěz,105,12.1. 12:00,60293
2016-11-06T11:01:02.504146,Pavel Rychetský,Vítěz,25,12.1. 12:00,60294
2016-11-06T11:01:02.504146,Zuzana Roithová,Vítěz,70,12.1. 12:00,60295
2016-11-06T11:01:02.504146,Vladimír Dlouhý,Vítěz,60,12.1. 12:00,60296
2016-11-06T11:01:02.504146,Andrej Babiš,Vítěz,50,12.1. 12:00,60297
2016-11-06T11:01:02.504146,Tomio Okamura,Vítěz,200,12.1. 12:00,60298
2016-11-06T11:01:02.504146,Jaroslav Kubera,Vítěz,100,12.1. 12:00,60299
2016-11-06T11:01:02.504146,Václav Klaus st.,Vítěz,36,12.1. 12:00,60300
2016-11-06T11:01:02.504146,Livia Klausová,Vítěz,250,12.1. 12:00,60301
2016-11-06T11:01:02.504146,Václav Klaus ml.,Vítěz,305,12.1. 12:00,60302
2016-11-06T11:01:02.504146,Zdeněk Škromach,Vítěz,525,12.1. 12:00,60303
2016-11-06T11:01:02.504146,Petr Pavel,Vítěz,250,12.1. 12:00,60304
2016-11-06T11:01:02.504146,Jaromír Jágr,Vítěz,680,12.1. 12:00,60305
2016-11-06T11:01:02.504146,Miroslav Sládek,Vítěz,3113,12.1. 12:00,60306
2016-11-06T11:01:02.504146,Karel Gott,Vítěz,750,12.1. 12:00,60307
2016-11-06T11:01:02.504146,Marek Eben,Vítěz,888,12.1. 12:00,60308
2016-11-06T11:01:02.504146,Milan Kohout,Vítěz,1500,12.1. 12:00,60309
2016-11-06T11:01:02.504146,Jana Yngland Hrušková,Vítěz,2000,12.1. 12:00,60310
2016-11-06T11:01:02.504146,Marek Hilšer,Vítěz,2000,12.1. 12:00,60311
2016-11-06T11:01:02.504146,Vladimír Špidla,Vítěz,500,12.1. 12:00,60312
2016-11-06T11:01:02.504146,Martin Stropnický,Vítěz,40,12.1. 12:00,60313
2016-11-06T11:01:02.504146,Marek Dalík,Vítěz,9999,12.1. 12:00,60314
2016-11-06T11:01:02.504146,Daniel Herman,Vítěz,125,12.1. 12:00,60321
2016-11-06T11:01:02.504146,Karel Schwarzenberg,Vítěz,55,12.1. 12:00,60322
2016-11-06T11:01:02.504146,Jan Kraus,Vítěz,1111,12.1. 12:00,60323
2016-11-06T23:01:05.232153,Miloš Zeman,Vítěz,1.9,12.1. 12:00,60210
2016-11-06T23:01:05.232153,Michal Horáček,Vítěz,3.25,12.1. 12:00,60211
2016-11-06T23:01:05.232153,Jan Švejnar,Vítěz,21,12.1. 12:00,60212
2016-11-06T23:01:05.232153,Tomáš Halík,Vítěz,82,12.1. 12:00,60213
2016-11-06T23:01:05.232153,Jiří Pospíšil,Vítěz,20,12.1. 12:00,60292
2016-11-06T23:01:05.232153,Jiří Dienstbier,Vítěz,105,12.1. 12:00,60293
2016-11-06T23:01:05.232153,Pavel Rychetský,Vítěz,25,12.1. 12:00,60294
2016-11-06T23:01:05.232153,Zuzana Roithová,Vítěz,70,12.1. 12:00,60295
2016-11-06T23:01:05.232153,Vladimír Dlouhý,Vítěz,60,12.1. 12:00,60296
2016-11-06T23:01:05.232153,Andrej Babiš,Vítěz,50,12.1. 12:00,60297
2016-11-06T23:01:05.232153,Tomio Okamura,Vítěz,200,12.1. 12:00,60298
2016-11-06T23:01:05.232153,Jaroslav Kubera,Vítěz,100,12.1. 12:00,60299
2016-11-06T23:01:05.232153,Václav Klaus st.,Vítěz,36,12.1. 12:00,60300
2016-11-06T23:01:05.232153,Livia Klausová,Vítěz,250,12.1. 12:00,60301
2016-11-06T23:01:05.232153,Václav Klaus ml.,Vítěz,305,12.1. 12:00,60302
2016-11-06T23:01:05.232153,Zdeněk Škromach,Vítěz,525,12.1. 12:00,60303
2016-11-06T23:01:05.232153,Petr Pavel,Vítěz,250,12.1. 12:00,60304
2016-11-06T23:01:05.232153,Jaromír Jágr,Vítěz,680,12.1. 12:00,60305
2016-11-06T23:01:05.232153,Miroslav Sládek,Vítěz,3113,12.1. 12:00,60306
2016-11-06T23:01:05.232153,Karel Gott,Vítěz,750,12.1. 12:00,60307
2016-11-06T23:01:05.232153,Marek Eben,Vítěz,888,12.1. 12:00,60308
2016-11-06T23:01:05.232153,Milan Kohout,Vítěz,1500,12.1. 12:00,60309
2016-11-06T23:01:05.232153,Jana Yngland Hrušková,Vítěz,2000,12.1. 12:00,60310
2016-11-06T23:01:05.232153,Marek Hilšer,Vítěz,2000,12.1. 12:00,60311
2016-11-06T23:01:05.232153,Vladimír Špidla,Vítěz,500,12.1. 12:00,60312
2016-11-06T23:01:05.232153,Martin Stropnický,Vítěz,40,12.1. 12:00,60313
2016-11-06T23:01:05.232153,Marek Dalík,Vítěz,9999,12.1. 12:00,60314
2016-11-06T23:01:05.232153,Daniel Herman,Vítěz,125,12.1. 12:00,60321
2016-11-06T23:01:05.232153,Karel Schwarzenberg,Vítěz,55,12.1. 12:00,60322
2016-11-06T23:01:05.232153,Jan Kraus,Vítěz,1111,12.1. 12:00,60323
2016-11-07T11:01:02.611299,Miloš Zeman,Vítěz,1.9,12.1. 12:00,60210
2016-11-07T11:01:02.611299,Michal Horáček,Vítěz,3.25,12.1. 12:00,60211
2016-11-07T11:01:02.611299,Jan Švejnar,Vítěz,21,12.1. 12:00,60212
2016-11-07T11:01:02.611299,Tomáš Halík,Vítěz,82,12.1. 12:00,60213
2016-11-07T11:01:02.611299,Jiří Pospíšil,Vítěz,20,12.1. 12:00,60292
2016-11-07T11:01:02.611299,Jiří Dienstbier,Vítěz,105,12.1. 12:00,60293
2016-11-07T11:01:02.611299,Pavel Rychetský,Vítěz,25,12.1. 12:00,60294
2016-11-07T11:01:02.611299,Zuzana Roithová,Vítěz,70,12.1. 12:00,60295
2016-11-07T11:01:02.611299,Vladimír Dlouhý,Vítěz,60,12.1. 12:00,60296
2016-11-07T11:01:02.611299,Andrej Babiš,Vítěz,50,12.1. 12:00,60297
2016-11-07T11:01:02.611299,Tomio Okamura,Vítěz,200,12.1. 12:00,60298
2016-11-07T11:01:02.611299,Jaroslav Kubera,Vítěz,100,12.1. 12:00,60299
2016-11-07T11:01:02.611299,Václav Klaus st.,Vítěz,36,12.1. 12:00,60300
2016-11-07T11:01:02.611299,Livia Klausová,Vítěz,250,12.1. 12:00,60301
2016-11-07T11:01:02.611299,Václav Klaus ml.,Vítěz,305,12.1. 12:00,60302
2016-11-07T11:01:02.611299,Zdeněk Škromach,Vítěz,525,12.1. 12:00,60303
2016-11-07T11:01:02.611299,Petr Pavel,Vítěz,250,12.1. 12:00,60304
2016-11-07T11:01:02.611299,Jaromír Jágr,Vítěz,680,12.1. 12:00,60305
2016-11-07T11:01:02.611299,Miroslav Sládek,Vítěz,3113,12.1. 12:00,60306
2016-11-07T11:01:02.611299,Karel Gott,Vítěz,750,12.1. 12:00,60307
2016-11-07T11:01:02.611299,Marek Eben,Vítěz,888,12.1. 12:00,60308
2016-11-07T11:01:02.611299,Milan Kohout,Vítěz,1500,12.1. 12:00,60309
2016-11-07T11:01:02.611299,Jana Yngland Hrušková,Vítěz,2000,12.1. 12:00,60310
2016-11-07T11:01:02.611299,Marek Hilšer,Vítěz,2000,12.1. 12:00,60311
2016-11-07T11:01:02.611299,Vladimír Špidla,Vítěz,500,12.1. 12:00,60312
2016-11-07T11:01:02.611299,Martin Stropnický,Vítěz,40,12.1. 12:00,60313
2016-11-07T11:01:02.611299,Marek Dalík,Vítěz,9999,12.1. 12:00,60314
2016-11-07T11:01:02.611299,Daniel Herman,Vítěz,125,12.1. 12:00,60321
2016-11-07T11:01:02.611299,Karel Schwarzenberg,Vítěz,55,12.1. 12:00,60322
2016-11-07T11:01:02.611299,Jan Kraus,Vítěz,1111,12.1. 12:00,60323
2016-11-07T23:01:05.661159,Miloš Zeman,Vítěz,1.9,12.1. 12:00,60210
2016-11-07T23:01:05.661159,Michal Horáček,Vítěz,3.25,12.1. 12:00,60211
2016-11-07T23:01:05.661159,Jan Švejnar,Vítěz,21,12.1. 12:00,60212
2016-11-07T23:01:05.661159,Tomáš Halík,Vítěz,82,12.1. 12:00,60213
2016-11-07T23:01:05.661159,Jiří Pospíšil,Vítěz,20,12.1. 12:00,60292
2016-11-07T23:01:05.661159,Jiří Dienstbier,Vítěz,105,12.1. 12:00,60293
2016-11-07T23:01:05.661159,Pavel Rychetský,Vítěz,25,12.1. 12:00,60294
2016-11-07T23:01:05.661159,Zuzana Roithová,Vítěz,70,12.1. 12:00,60295
2016-11-07T23:01:05.661159,Vladimír Dlouhý,Vítěz,60,12.1. 12:00,60296
2016-11-07T23:01:05.661159,Andrej Babiš,Vítěz,50,12.1. 12:00,60297
2016-11-07T23:01:05.661159,Tomio Okamura,Vítěz,200,12.1. 12:00,60298
2016-11-07T23:01:05.661159,Jaroslav Kubera,Vítěz,100,12.1. 12:00,60299
2016-11-07T23:01:05.661159,Václav Klaus st.,Vítěz,36,12.1. 12:00,60300
2016-11-07T23:01:05.661159,Livia Klausová,Vítěz,250,12.1. 12:00,60301
2016-11-07T23:01:05.661159,Václav Klaus ml.,Vítěz,305,12.1. 12:00,60302
2016-11-07T23:01:05.661159,Zdeněk Škromach,Vítěz,525,12.1. 12:00,60303
2016-11-07T23:01:05.661159,Petr Pavel,Vítěz,250,12.1. 12:00,60304
2016-11-07T23:01:05.661159,Jaromír Jágr,Vítěz,680,12.1. 12:00,60305
2016-11-07T23:01:05.661159,Miroslav Sládek,Vítěz,3113,12.1. 12:00,60306
2016-11-07T23:01:05.661159,Karel Gott,Vítěz,750,12.1. 12:00,60307
2016-11-07T23:01:05.661159,Marek Eben,Vítěz,888,12.1. 12:00,60308
2016-11-07T23:01:05.661159,Milan Kohout,Vítěz,1500,12.1. 12:00,60309
2016-11-07T23:01:05.661159,Jana Yngland Hrušková,Vítěz,2000,12.1. 12:00,60310
2016-11-07T23:01:05.661159,Marek Hilšer,Vítěz,2000,12.1. 12:00,60311
2016-11-07T23:01:05.661159,Vladimír Špidla,Vítěz,500,12.1. 12:00,60312
2016-11-07T23:01:05.661159,Martin Stropnický,Vítěz,40,12.1. 12:00,60313
2016-11-07T23:01:05.661159,Marek Dalík,Vítěz,9999,12.1. 12:00,60314
2016-11-07T23:01:05.661159,Daniel Herman,Vítěz,125,12.1. 12:00,60321
2016-11-07T23:01:05.661159,Karel Schwarzenberg,Vítěz,55,12.1. 12:00,60322
2016-11-07T23:01:05.661159,Jan Kraus,Vítěz,1111,12.1. 12:00,60323
2016-11-08T11:01:02.877997,Miloš Zeman,Vítěz,1.9,12.1. 12:00,60210
2016-11-08T11:01:02.877997,Michal Horáček,Vítěz,3.25,12.1. 12:00,60211
2016-11-08T11:01:02.877997,Jan Švejnar,Vítěz,21,12.1. 12:00,60212
2016-11-08T11:01:02.877997,Tomáš Halík,Vítěz,82,12.1. 12:00,60213
2016-11-08T11:01:02.877997,Jiří Pospíšil,Vítěz,20,12.1. 12:00,60292
2016-11-08T11:01:02.877997,Jiří Dienstbier,Vítěz,105,12.1. 12:00,60293
2016-11-08T11:01:02.877997,Pavel Rychetský,Vítěz,25,12.1. 12:00,60294
2016-11-08T11:01:02.877997,Zuzana Roithová,Vítěz,70,12.1. 12:00,60295
2016-11-08T11:01:02.877997,Vladimír Dlouhý,Vítěz,60,12.1. 12:00,60296
2016-11-08T11:01:02.877997,Andrej Babiš,Vítěz,50,12.1. 12:00,60297
2016-11-08T11:01:02.877997,Tomio Okamura,Vítěz,200,12.1. 12:00,60298
2016-11-08T11:01:02.877997,Jaroslav Kubera,Vítěz,100,12.1. 12:00,60299
2016-11-08T11:01:02.877997,Václav Klaus st.,Vítěz,36,12.1. 12:00,60300
2016-11-08T11:01:02.877997,Livia Klausová,Vítěz,250,12.1. 12:00,60301
2016-11-08T11:01:02.877997,Václav Klaus ml.,Vítěz,305,12.1. 12:00,60302
2016-11-08T11:01:02.877997,Zdeněk Škromach,Vítěz,525,12.1. 12:00,60303
2016-11-08T11:01:02.877997,Petr Pavel,Vítěz,250,12.1. 12:00,60304
2016-11-08T11:01:02.877997,Jaromír Jágr,Vítěz,680,12.1. 12:00,60305
2016-11-08T11:01:02.877997,Miroslav Sládek,Vítěz,3113,12.1. 12:00,60306
2016-11-08T11:01:02.877997,Karel Gott,Vítěz,750,12.1. 12:00,60307
2016-11-08T11:01:02.877997,Marek Eben,Vítěz,888,12.1. 12:00,60308
2016-11-08T11:01:02.877997,Milan Kohout,Vítěz,1500,12.1. 12:00,60309
2016-11-08T11:01:02.877997,Jana Yngland Hrušková,Vítěz,2000,12.1. 12:00,60310
2016-11-08T11:01:02.877997,Marek Hilšer,Vítěz,2000,12.1. 12:00,60311
2016-11-08T11:01:02.877997,Vladimír Špidla,Vítěz,500,12.1. 12:00,60312
2016-11-08T11:01:02.877997,Martin Stropnický,Vítěz,40,12.1. 12:00,60313
2016-11-08T11:01:02.877997,Marek Dalík,Vítěz,9999,12.1. 12:00,60314
2016-11-08T11:01:02.877997,Daniel Herman,Vítěz,125,12.1. 12:00,60321
2016-11-08T11:01:02.877997,Karel Schwarzenberg,Vítěz,55,12.1. 12:00,60322
2016-11-08T11:01:02.877997,Jan Kraus,Vítěz,1111,12.1. 12:00,60323
2016-11-08T23:01:52.992791,Miloš Zeman,Vítěz,1.9,12.1. 12:00,60210
2016-11-08T23:01:52.992791,Michal Horáček,Vítěz,3.25,12.1. 12:00,60211
2016-11-08T23:01:52.992791,Jan Švejnar,Vítěz,21,12.1. 12:00,60212
2016-11-08T23:01:52.992791,Tomáš Halík,Vítěz,82,12.1. 12:00,60213
2016-11-08T23:01:52.992791,Jiří Pospíšil,Vítěz,20,12.1. 12:00,60292
2016-11-08T23:01:52.992791,Jiří Dienstbier,Vítěz,105,12.1. 12:00,60293
2016-11-08T23:01:52.992791,Pavel Rychetský,Vítěz,25,12.1. 12:00,60294
2016-11-08T23:01:52.992791,Zuzana Roithová,Vítěz,70,12.1. 12:00,60295
2016-11-08T23:01:52.992791,Vladimír Dlouhý,Vítěz,60,12.1. 12:00,60296
2016-11-08T23:01:52.992791,Andrej Babiš,Vítěz,50,12.1. 12:00,60297
2016-11-08T23:01:52.992791,Václav Klaus st.,Vítěz,36,12.1. 12:00,60300
2016-11-08T23:01:52.992791,Livia Klausová,Vítěz,250,12.1. 12:00,60301
2016-11-08T23:01:52.992791,Václav Klaus ml.,Vítěz,305,12.1. 12:00,60302
2016-11-08T23:01:52.992791,Zdeněk Škromach,Vítěz,525,12.1. 12:00,60303
2016-11-08T23:01:52.992791,Petr Pavel,Vítěz,250,12.1. 12:00,60304
2016-11-08T23:01:52.992791,Jaromír Jágr,Vítěz,680,12.1. 12:00,60305
2016-11-08T23:01:52.992791,Miroslav Sládek,Vítěz,3113,12.1. 12:00,60306
2016-11-08T23:01:52.992791,Karel Gott,Vítěz,750,12.1. 12:00,60307
2016-11-08T23:01:52.992791,Marek Eben,Vítěz,888,12.1. 12:00,60308
2016-11-08T23:01:52.992791,Marek Dalík,Vítěz,9999,12.1. 12:00,60314
2016-11-08T23:01:52.992791,Karel Schwarzenberg,Vítěz,55,12.1. 12:00,60322
2016-11-08T23:01:52.992791,Jan Kraus,Vítěz,1111,12.1. 12:00,60323
2016-11-09T11:01:03.182741,Miloš Zeman,Vítěz,1.8,12.1. 12:00,60210
2016-11-09T11:01:03.182741,Michal Horáček,Vítěz,3.3,12.1. 12:00,60211
2016-11-09T11:01:03.182741,Jan Švejnar,Vítěz,21,12.1. 12:00,60212
2016-11-09T11:01:03.182741,Tomáš Halík,Vítěz,82,12.1. 12:00,60213
2016-11-09T11:01:03.182741,Jiří Pospíšil,Vítěz,20,12.1. 12:00,60292
2016-11-09T11:01:03.182741,Jiří Dienstbier,Vítěz,105,12.1. 12:00,60293
2016-11-09T11:01:03.182741,Pavel Rychetský,Vítěz,25,12.1. 12:00,60294
2016-11-09T11:01:03.182741,Zuzana Roithová,Vítěz,70,12.1. 12:00,60295
2016-11-09T11:01:03.182741,Vladimír Dlouhý,Vítěz,60,12.1. 12:00,60296
2016-11-09T11:01:03.182741,Andrej Babiš,Vítěz,50,12.1. 12:00,60297
2016-11-09T11:01:03.182741,Tomio Okamura,Vítěz,222,12.1. 12:00,60298
2016-11-09T11:01:03.182741,Jaroslav Kubera,Vítěz,111,12.1. 12:00,60299
2016-11-09T11:01:03.182741,Václav Klaus st.,Vítěz,36,12.1. 12:00,60300
2016-11-09T11:01:03.182741,Livia Klausová,Vítěz,250,12.1. 12:00,60301
2016-11-09T11:01:03.182741,Václav Klaus ml.,Vítěz,305,12.1. 12:00,60302
2016-11-09T11:01:03.182741,Zdeněk Škromach,Vítěz,525,12.1. 12:00,60303
2016-11-09T11:01:03.182741,Petr Pavel,Vítěz,250,12.1. 12:00,60304
2016-11-09T11:01:03.182741,Jaromír Jágr,Vítěz,680,12.1. 12:00,60305
2016-11-09T11:01:03.182741,Miroslav Sládek,Vítěz,3113,12.1. 12:00,60306
2016-11-09T11:01:03.182741,Karel Gott,Vítěz,750,12.1. 12:00,60307
2016-11-09T11:01:03.182741,Marek Eben,Vítěz,888,12.1. 12:00,60308
2016-11-09T11:01:03.182741,Milan Kohout,Vítěz,1555,12.1. 12:00,60309
2016-11-09T11:01:03.182741,Jana Yngland Hrušková,Vítěz,2111,12.1. 12:00,60310
2016-11-09T11:01:03.182741,Marek Hilšer,Vítěz,2111,12.1. 12:00,60311
2016-11-09T11:01:03.182741,Vladimír Špidla,Vítěz,525,12.1. 12:00,60312
2016-11-09T11:01:03.182741,Martin Stropnický,Vítěz,44,12.1. 12:00,60313
2016-11-09T11:01:03.182741,Marek Dalík,Vítěz,9999,12.1. 12:00,60314
2016-11-09T11:01:03.182741,Daniel Herman,Vítěz,175,12.1. 12:00,60321
2016-11-09T11:01:03.182741,Karel Schwarzenberg,Vítěz,55,12.1. 12:00,60322
2016-11-09T11:01:03.182741,Jan Kraus,Vítěz,1111,12.1. 12:00,60323
2016-11-09T23:01:59.320502,Miloš Zeman,Vítěz,1.8,12.1. 12:00,60210
2016-11-09T23:01:59.320502,Michal Horáček,Vítěz,3.3,12.1. 12:00,60211
2016-11-09T23:01:59.320502,Jan Švejnar,Vítěz,21,12.1. 12:00,60212
2016-11-09T23:01:59.320502,Tomáš Halík,Vítěz,82,12.1. 12:00,60213
2016-11-09T23:01:59.320502,Jiří Pospíšil,Vítěz,20,12.1. 12:00,60292
2016-11-09T23:01:59.320502,Jiří Dienstbier,Vítěz,105,12.1. 12:00,60293
2016-11-09T23:01:59.320502,Pavel Rychetský,Vítěz,25,12.1. 12:00,60294
2016-11-09T23:01:59.320502,Zuzana Roithová,Vítěz,70,12.1. 12:00,60295
2016-11-09T23:01:59.320502,Vladimír Dlouhý,Vítěz,60,12.1. 12:00,60296
2016-11-09T23:01:59.320502,Andrej Babiš,Vítěz,50,12.1. 12:00,60297
2016-11-09T23:01:59.320502,Tomio Okamura,Vítěz,222,12.1. 12:00,60298
2016-11-09T23:01:59.320502,Jaroslav Kubera,Vítěz,111,12.1. 12:00,60299
2016-11-09T23:01:59.320502,Václav Klaus st.,Vítěz,36,12.1. 12:00,60300
2016-11-09T23:01:59.320502,Livia Klausová,Vítěz,250,12.1. 12:00,60301
2016-11-09T23:01:59.320502,Václav Klaus ml.,Vítěz,305,12.1. 12:00,60302
2016-11-09T23:01:59.320502,Zdeněk Škromach,Vítěz,525,12.1. 12:00,60303
2016-11-09T23:01:59.320502,Petr Pavel,Vítěz,250,12.1. 12:00,60304
2016-11-09T23:01:59.320502,Jaromír Jágr,Vítěz,680,12.1. 12:00,60305
2016-11-09T23:01:59.320502,Miroslav Sládek,Vítěz,3113,12.1. 12:00,60306
2016-11-09T23:01:59.320502,Karel Gott,Vítěz,750,12.1. 12:00,60307
2016-11-09T23:01:59.320502,Marek Eben,Vítěz,888,12.1. 12:00,60308
2016-11-09T23:01:59.320502,Milan Kohout,Vítěz,1555,12.1. 12:00,60309
2016-11-09T23:01:59.320502,Jana Yngland Hrušková,Vítěz,2111,12.1. 12:00,60310
2016-11-09T23:01:59.320502,Marek Hilšer,Vítěz,2111,12.1. 12:00,60311
2016-11-09T23:01:59.320502,Vladimír Špidla,Vítěz,525,12.1. 12:00,60312
2016-11-09T23:01:59.320502,Martin Stropnický,Vítěz,33,12.1. 12:00,60313
2016-11-09T23:01:59.320502,Marek Dalík,Vítěz,9999,12.1. 12:00,60314
2016-11-09T23:01:59.320502,Daniel Herman,Vítěz,100,12.1. 12:00,60321
2016-11-09T23:01:59.320502,Karel Schwarzenberg,Vítěz,55,12.1. 12:00,60322
2016-11-09T23:01:59.320502,Jan Kraus,Vítěz,1111,12.1. 12:00,60323
2016-11-10T11:01:02.726548,Miloš Zeman,Vítěz,1.8,12.1. 12:00,60210
2016-11-10T11:01:02.726548,Michal Horáček,Vítěz,3.3,12.1. 12:00,60211
2016-11-10T11:01:02.726548,Jan Švejnar,Vítěz,21,12.1. 12:00,60212
2016-11-10T11:01:02.726548,Tomáš Halík,Vítěz,82,12.1. 12:00,60213
2016-11-10T11:01:02.726548,Jiří Pospíšil,Vítěz,20,12.1. 12:00,60292
2016-11-10T11:01:02.726548,Jiří Dienstbier,Vítěz,105,12.1. 12:00,60293
2016-11-10T11:01:02.726548,Pavel Rychetský,Vítěz,25,12.1. 12:00,60294
2016-11-10T11:01:02.726548,Zuzana Roithová,Vítěz,70,12.1. 12:00,60295
2016-11-10T11:01:02.726548,Vladimír Dlouhý,Vítěz,60,12.1. 12:00,60296
2016-11-10T11:01:02.726548,Andrej Babiš,Vítěz,50,12.1. 12:00,60297
2016-11-10T11:01:02.726548,Tomio Okamura,Vítěz,222,12.1. 12:00,60298
2016-11-10T11:01:02.726548,Jaroslav Kubera,Vítěz,111,12.1. 12:00,60299
2016-11-10T11:01:02.726548,Václav Klaus st.,Vítěz,36,12.1. 12:00,60300
2016-11-10T11:01:02.726548,Livia Klausová,Vítěz,250,12.1. 12:00,60301
2016-11-10T11:01:02.726548,Václav Klaus ml.,Vítěz,305,12.1. 12:00,60302
2016-11-10T11:01:02.726548,Zdeněk Škromach,Vítěz,525,12.1. 12:00,60303
2016-11-10T11:01:02.726548,Petr Pavel,Vítěz,250,12.1. 12:00,60304
2016-11-10T11:01:02.726548,Jaromír Jágr,Vítěz,680,12.1. 12:00,60305
2016-11-10T11:01:02.726548,Miroslav Sládek,Vítěz,3113,12.1. 12:00,60306
2016-11-10T11:01:02.726548,Karel Gott,Vítěz,750,12.1. 12:00,60307
2016-11-10T11:01:02.726548,Marek Eben,Vítěz,888,12.1. 12:00,60308
2016-11-10T11:01:02.726548,Milan Kohout,Vítěz,1555,12.1. 12:00,60309
2016-11-10T11:01:02.726548,Jana Yngland Hrušková,Vítěz,2111,12.1. 12:00,60310
2016-11-10T11:01:02.726548,Marek Hilšer,Vítěz,2111,12.1. 12:00,60311
2016-11-10T11:01:02.726548,Vladimír Špidla,Vítěz,525,12.1. 12:00,60312
2016-11-10T11:01:02.726548,Martin Stropnický,Vítěz,33,12.1. 12:00,60313
2016-11-10T11:01:02.726548,Marek Dalík,Vítěz,9999,12.1. 12:00,60314
2016-11-10T11:01:02.726548,Daniel Herman,Vítěz,100,12.1. 12:00,60321
2016-11-10T11:01:02.726548,Karel Schwarzenberg,Vítěz,55,12.1. 12:00,60322
2016-11-10T11:01:02.726548,Jan Kraus,Vítěz,1111,12.1. 12:00,60323
2016-11-10T11:01:02.726548,Luděk Sobota,Vítěz,5555,12.1. 12:00,60382
2016-11-10T23:01:03.095626,Miloš Zeman,Vítěz,1.8,12.1. 12:00,60210
2016-11-10T23:01:03.095626,Michal Horáček,Vítěz,3.3,12.1. 12:00,60211
2016-11-10T23:01:03.095626,Jan Švejnar,Vítěz,21,12.1. 12:00,60212
2016-11-10T23:01:03.095626,Tomáš Halík,Vítěz,82,12.1. 12:00,60213
2016-11-10T23:01:03.095626,Jiří Pospíšil,Vítěz,20,12.1. 12:00,60292
2016-11-10T23:01:03.095626,Jiří Dienstbier,Vítěz,105,12.1. 12:00,60293
2016-11-10T23:01:03.095626,Pavel Rychetský,Vítěz,25,12.1. 12:00,60294
2016-11-10T23:01:03.095626,Zuzana Roithová,Vítěz,70,12.1. 12:00,60295
2016-11-10T23:01:03.095626,Vladimír Dlouhý,Vítěz,60,12.1. 12:00,60296
2016-11-10T23:01:03.095626,Andrej Babiš,Vítěz,50,12.1. 12:00,60297
2016-11-10T23:01:03.095626,Tomio Okamura,Vítěz,222,12.1. 12:00,60298
2016-11-10T23:01:03.095626,Jaroslav Kubera,Vítěz,111,12.1. 12:00,60299
2016-11-10T23:01:03.095626,Václav Klaus st.,Vítěz,36,12.1. 12:00,60300
2016-11-10T23:01:03.095626,Livia Klausová,Vítěz,250,12.1. 12:00,60301
2016-11-10T23:01:03.095626,Václav Klaus ml.,Vítěz,305,12.1. 12:00,60302
2016-11-10T23:01:03.095626,Zdeněk Škromach,Vítěz,525,12.1. 12:00,60303
2016-11-10T23:01:03.095626,Petr Pavel,Vítěz,250,12.1. 12:00,60304
2016-11-10T23:01:03.095626,Jaromír Jágr,Vítěz,680,12.1. 12:00,60305
2016-11-10T23:01:03.095626,Miroslav Sládek,Vítěz,3113,12.1. 12:00,60306
2016-11-10T23:01:03.095626,Karel Gott,Vítěz,750,12.1. 12:00,60307
2016-11-10T23:01:03.095626,Marek Eben,Vítěz,888,12.1. 12:00,60308
2016-11-10T23:01:03.095626,Milan Kohout,Vítěz,1555,12.1. 12:00,60309
2016-11-10T23:01:03.095626,Jana Yngland Hrušková,Vítěz,2111,12.1. 12:00,60310
2016-11-10T23:01:03.095626,Marek Hilšer,Vítěz,2111,12.1. 12:00,60311
2016-11-10T23:01:03.095626,Vladimír Špidla,Vítěz,525,12.1. 12:00,60312
2016-11-10T23:01:03.095626,Martin Stropnický,Vítěz,33,12.1. 12:00,60313
2016-11-10T23:01:03.095626,Marek Dalík,Vítěz,9999,12.1. 12:00,60314
2016-11-10T23:01:03.095626,Daniel Herman,Vítěz,100,12.1. 12:00,60321
2016-11-10T23:01:03.095626,Karel Schwarzenberg,Vítěz,55,12.1. 12:00,60322
2016-11-10T23:01:03.095626,Jan Kraus,Vítěz,1111,12.1. 12:00,60323
2016-11-10T23:01:03.095626,Luděk Sobota,Vítěz,5555,12.1. 12:00,60382
2016-11-11T11:01:02.753312,Miloš Zeman,Vítěz,1.8,12.1. 12:00,60210
2016-11-11T11:01:02.753312,Michal Horáček,Vítěz,3.3,12.1. 12:00,60211
2016-11-11T11:01:02.753312,Jan Švejnar,Vítěz,21,12.1. 12:00,60212
2016-11-11T11:01:02.753312,Tomáš Halík,Vítěz,82,12.1. 12:00,60213
2016-11-11T11:01:02.753312,Jiří Pospíšil,Vítěz,20,12.1. 12:00,60292
2016-11-11T11:01:02.753312,Jiří Dienstbier,Vítěz,105,12.1. 12:00,60293
2016-11-11T11:01:02.753312,Pavel Rychetský,Vítěz,25,12.1. 12:00,60294
2016-11-11T11:01:02.753312,Zuzana Roithová,Vítěz,70,12.1. 12:00,60295
2016-11-11T11:01:02.753312,Vladimír Dlouhý,Vítěz,60,12.1. 12:00,60296
2016-11-11T11:01:02.753312,Andrej Babiš,Vítěz,50,12.1. 12:00,60297
2016-11-11T11:01:02.753312,Tomio Okamura,Vítěz,222,12.1. 12:00,60298
2016-11-11T11:01:02.753312,Jaroslav Kubera,Vítěz,111,12.1. 12:00,60299
2016-11-11T11:01:02.753312,Václav Klaus st.,Vítěz,36,12.1. 12:00,60300
2016-11-11T11:01:02.753312,Livia Klausová,Vítěz,250,12.1. 12:00,60301
2016-11-11T11:01:02.753312,Václav Klaus ml.,Vítěz,305,12.1. 12:00,60302
2016-11-11T11:01:02.753312,Zdeněk Škromach,Vítěz,525,12.1. 12:00,60303
2016-11-11T11:01:02.753312,Petr Pavel,Vítěz,250,12.1. 12:00,60304
2016-11-11T11:01:02.753312,Jaromír Jágr,Vítěz,680,12.1. 12:00,60305
2016-11-11T11:01:02.753312,Miroslav Sládek,Vítěz,3113,12.1. 12:00,60306
2016-11-11T11:01:02.753312,Karel Gott,Vítěz,750,12.1. 12:00,60307
2016-11-11T11:01:02.753312,Marek Eben,Vítěz,888,12.1. 12:00,60308
2016-11-11T11:01:02.753312,Milan Kohout,Vítěz,1555,12.1. 12:00,60309
2016-11-11T11:01:02.753312,Jana Yngland Hrušková,Vítěz,2111,12.1. 12:00,60310
2016-11-11T11:01:02.753312,Marek Hilšer,Vítěz,2111,12.1. 12:00,60311
2016-11-11T11:01:02.753312,Vladimír Špidla,Vítěz,525,12.1. 12:00,60312
2016-11-11T11:01:02.753312,Martin Stropnický,Vítěz,33,12.1. 12:00,60313
2016-11-11T11:01:02.753312,Marek Dalík,Vítěz,9999,12.1. 12:00,60314
2016-11-11T11:01:02.753312,Daniel Herman,Vítěz,100,12.1. 12:00,60321
2016-11-11T11:01:02.753312,Karel Schwarzenberg,Vítěz,55,12.1. 12:00,60322
2016-11-11T11:01:02.753312,Jan Kraus,Vítěz,1111,12.1. 12:00,60323
2016-11-11T11:01:02.753312,Luděk Sobota,Vítěz,5555,12.1. 12:00,60382
2016-11-11T23:01:34.377661,Miloš Zeman,Vítěz,1.8,12.1. 12:00,60210
2016-11-11T23:01:34.377661,Michal Horáček,Vítěz,3.3,12.1. 12:00,60211
2016-11-11T23:01:34.377661,Jan Švejnar,Vítěz,21,12.1. 12:00,60212
2016-11-11T23:01:34.377661,Tomáš Halík,Vítěz,82,12.1. 12:00,60213
2016-11-11T23:01:34.377661,Jiří Pospíšil,Vítěz,20,12.1. 12:00,60292
2016-11-11T23:01:34.377661,Jiří Dienstbier,Vítěz,105,12.1. 12:00,60293
2016-11-11T23:01:34.377661,Pavel Rychetský,Vítěz,25,12.1. 12:00,60294
2016-11-11T23:01:34.377661,Zuzana Roithová,Vítěz,70,12.1. 12:00,60295
2016-11-11T23:01:34.377661,Vladimír Dlouhý,Vítěz,60,12.1. 12:00,60296
2016-11-11T23:01:34.377661,Andrej Babiš,Vítěz,50,12.1. 12:00,60297
2016-11-11T23:01:34.377661,Tomio Okamura,Vítěz,222,12.1. 12:00,60298
2016-11-11T23:01:34.377661,Jaroslav Kubera,Vítěz,111,12.1. 12:00,60299
2016-11-11T23:01:34.377661,Václav Klaus st.,Vítěz,36,12.1. 12:00,60300
2016-11-11T23:01:34.377661,Livia Klausová,Vítěz,250,12.1. 12:00,60301
2016-11-11T23:01:34.377661,Václav Klaus ml.,Vítěz,305,12.1. 12:00,60302
2016-11-11T23:01:34.377661,Zdeněk Škromach,Vítěz,525,12.1. 12:00,60303
2016-11-11T23:01:34.377661,Petr Pavel,Vítěz,250,12.1. 12:00,60304
2016-11-11T23:01:34.377661,Jaromír Jágr,Vítěz,680,12.1. 12:00,60305
2016-11-11T23:01:34.377661,Miroslav Sládek,Vítěz,3113,12.1. 12:00,60306
2016-11-11T23:01:34.377661,Karel Gott,Vítěz,750,12.1. 12:00,60307
2016-11-11T23:01:34.377661,Marek Eben,Vítěz,888,12.1. 12:00,60308
2016-11-11T23:01:34.377661,Milan Kohout,Vítěz,1555,12.1. 12:00,60309
2016-11-11T23:01:34.377661,Jana Yngland Hrušková,Vítěz,2111,12.1. 12:00,60310
2016-11-11T23:01:34.377661,Marek Hilšer,Vítěz,2111,12.1. 12:00,60311
2016-11-11T23:01:34.377661,Vladimír Špidla,Vítěz,525,12.1. 12:00,60312
2016-11-11T23:01:34.377661,Martin Stropnický,Vítěz,33,12.1. 12:00,60313
2016-11-11T23:01:34.377661,Marek Dalík,Vítěz,9999,12.1. 12:00,60314
2016-11-11T23:01:34.377661,Daniel Herman,Vítěz,100,12.1. 12:00,60321
2016-11-11T23:01:34.377661,Karel Schwarzenberg,Vítěz,55,12.1. 12:00,60322
2016-11-11T23:01:34.377661,Jan Kraus,Vítěz,1111,12.1. 12:00,60323
2016-11-11T23:01:34.377661,Luděk Sobota,Vítěz,5555,12.1. 12:00,60382
2016-11-12T11:01:02.790849,Miloš Zeman,Vítěz,1.8,12.1. 12:00,60210
2016-11-12T11:01:02.790849,Michal Horáček,Vítěz,3.3,12.1. 12:00,60211
2016-11-12T11:01:02.790849,Jan Švejnar,Vítěz,21,12.1. 12:00,60212
2016-11-12T11:01:02.790849,Tomáš Halík,Vítěz,82,12.1. 12:00,60213
2016-11-12T11:01:02.790849,Jiří Pospíšil,Vítěz,20,12.1. 12:00,60292
2016-11-12T11:01:02.790849,Jiří Dienstbier,Vítěz,105,12.1. 12:00,60293
2016-11-12T11:01:02.790849,Pavel Rychetský,Vítěz,25,12.1. 12:00,60294
2016-11-12T11:01:02.790849,Zuzana Roithová,Vítěz,70,12.1. 12:00,60295
2016-11-12T11:01:02.790849,Vladimír Dlouhý,Vítěz,60,12.1. 12:00,60296
2016-11-12T11:01:02.790849,Andrej Babiš,Vítěz,50,12.1. 12:00,60297
2016-11-12T11:01:02.790849,Tomio Okamura,Vítěz,222,12.1. 12:00,60298
2016-11-12T11:01:02.790849,Jaroslav Kubera,Vítěz,111,12.1. 12:00,60299
2016-11-12T11:01:02.790849,Václav Klaus st.,Vítěz,36,12.1. 12:00,60300
2016-11-12T11:01:02.790849,Livia Klausová,Vítěz,250,12.1. 12:00,60301
2016-11-12T11:01:02.790849,Václav Klaus ml.,Vítěz,305,12.1. 12:00,60302
2016-11-12T11:01:02.790849,Zdeněk Škromach,Vítěz,525,12.1. 12:00,60303
2016-11-12T11:01:02.790849,Petr Pavel,Vítěz,250,12.1. 12:00,60304
2016-11-12T11:01:02.790849,Jaromír Jágr,Vítěz,680,12.1. 12:00,60305
2016-11-12T11:01:02.790849,Miroslav Sládek,Vítěz,3113,12.1. 12:00,60306
2016-11-12T11:01:02.790849,Karel Gott,Vítěz,750,12.1. 12:00,60307
2016-11-12T11:01:02.790849,Marek Eben,Vítěz,888,12.1. 12:00,60308
2016-11-12T11:01:02.790849,Milan Kohout,Vítěz,1555,12.1. 12:00,60309
2016-11-12T11:01:02.790849,Jana Yngland Hrušková,Vítěz,2111,12.1. 12:00,60310
2016-11-12T11:01:02.790849,Marek Hilšer,Vítěz,2111,12.1. 12:00,60311
2016-11-12T11:01:02.790849,Vladimír Špidla,Vítěz,525,12.1. 12:00,60312
2016-11-12T11:01:02.790849,Martin Stropnický,Vítěz,33,12.1. 12:00,60313
2016-11-12T11:01:02.790849,Marek Dalík,Vítěz,9999,12.1. 12:00,60314
2016-11-12T11:01:02.790849,Daniel Herman,Vítěz,100,12.1. 12:00,60321
2016-11-12T11:01:02.790849,Karel Schwarzenberg,Vítěz,55,12.1. 12:00,60322
2016-11-12T11:01:02.790849,Jan Kraus,Vítěz,1111,12.1. 12:00,60323
2016-11-12T11:01:02.790849,Luděk Sobota,Vítěz,5555,12.1. 12:00,60382
2016-11-12T23:02:05.312345,Miloš Zeman,Vítěz,1.8,12.1. 12:00,60210
2016-11-12T23:02:05.312345,Michal Horáček,Vítěz,3.3,12.1. 12:00,60211
2016-11-12T23:02:05.312345,Jan Švejnar,Vítěz,21,12.1. 12:00,60212
2016-11-12T23:02:05.312345,Tomáš Halík,Vítěz,82,12.1. 12:00,60213
2016-11-12T23:02:05.312345,Jiří Pospíšil,Vítěz,20,12.1. 12:00,60292
2016-11-12T23:02:05.312345,Jiří Dienstbier,Vítěz,105,12.1. 12:00,60293
2016-11-12T23:02:05.312345,Pavel Rychetský,Vítěz,25,12.1. 12:00,60294
2016-11-12T23:02:05.312345,Zuzana Roithová,Vítěz,70,12.1. 12:00,60295
2016-11-12T23:02:05.312345,Vladimír Dlouhý,Vítěz,60,12.1. 12:00,60296
2016-11-12T23:02:05.312345,Andrej Babiš,Vítěz,50,12.1. 12:00,60297
2016-11-12T23:02:05.312345,Tomio Okamura,Vítěz,222,12.1. 12:00,60298
2016-11-12T23:02:05.312345,Jaroslav Kubera,Vítěz,111,12.1. 12:00,60299
2016-11-12T23:02:05.312345,Václav Klaus st.,Vítěz,36,12.1. 12:00,60300
2016-11-12T23:02:05.312345,Livia Klausová,Vítěz,250,12.1. 12:00,60301
2016-11-12T23:02:05.312345,Václav Klaus ml.,Vítěz,305,12.1. 12:00,60302
2016-11-12T23:02:05.312345,Zdeněk Škromach,Vítěz,525,12.1. 12:00,60303
2016-11-12T23:02:05.312345,Petr Pavel,Vítěz,250,12.1. 12:00,60304
2016-11-12T23:02:05.312345,Jaromír Jágr,Vítěz,680,12.1. 12:00,60305
2016-11-12T23:02:05.312345,Miroslav Sládek,Vítěz,3113,12.1. 12:00,60306
2016-11-12T23:02:05.312345,Karel Gott,Vítěz,750,12.1. 12:00,60307
2016-11-12T23:02:05.312345,Marek Eben,Vítěz,888,12.1. 12:00,60308
2016-11-12T23:02:05.312345,Milan Kohout,Vítěz,1555,12.1. 12:00,60309
2016-11-12T23:02:05.312345,Jana Yngland Hrušková,Vítěz,2111,12.1. 12:00,60310
2016-11-12T23:02:05.312345,Marek Hilšer,Vítěz,2111,12.1. 12:00,60311
2016-11-12T23:02:05.312345,Vladimír Špidla,Vítěz,525,12.1. 12:00,60312
2016-11-12T23:02:05.312345,Martin Stropnický,Vítěz,27,12.1. 12:00,60313
2016-11-12T23:02:05.312345,Marek Dalík,Vítěz,9999,12.1. 12:00,60314
2016-11-12T23:02:05.312345,Daniel Herman,Vítěz,100,12.1. 12:00,60321
2016-11-12T23:02:05.312345,Karel Schwarzenberg,Vítěz,55,12.1. 12:00,60322
2016-11-12T23:02:05.312345,Jan Kraus,Vítěz,1111,12.1. 12:00,60323
2016-11-12T23:02:05.312345,Luděk Sobota,Vítěz,5555,12.1. 12:00,60382
2016-11-13T11:01:04.945740,Miloš Zeman,Vítěz,1.8,12.1. 12:00,60210
2016-11-13T11:01:04.945740,Michal Horáček,Vítěz,3.3,12.1. 12:00,60211
2016-11-13T11:01:04.945740,Jan Švejnar,Vítěz,21,12.1. 12:00,60212
2016-11-13T11:01:04.945740,Tomáš Halík,Vítěz,82,12.1. 12:00,60213
2016-11-13T11:01:04.945740,Jiří Pospíšil,Vítěz,20,12.1. 12:00,60292
2016-11-13T11:01:04.945740,Jiří Dienstbier,Vítěz,105,12.1. 12:00,60293
2016-11-13T11:01:04.945740,Pavel Rychetský,Vítěz,25,12.1. 12:00,60294
2016-11-13T11:01:04.945740,Zuzana Roithová,Vítěz,70,12.1. 12:00,60295
2016-11-13T11:01:04.945740,Vladimír Dlouhý,Vítěz,60,12.1. 12:00,60296
2016-11-13T11:01:04.945740,Andrej Babiš,Vítěz,50,12.1. 12:00,60297
2016-11-13T11:01:04.945740,Tomio Okamura,Vítěz,222,12.1. 12:00,60298
2016-11-13T11:01:04.945740,Jaroslav Kubera,Vítěz,111,12.1. 12:00,60299
2016-11-13T11:01:04.945740,Václav Klaus st.,Vítěz,36,12.1. 12:00,60300
2016-11-13T11:01:04.945740,Livia Klausová,Vítěz,250,12.1. 12:00,60301
2016-11-13T11:01:04.945740,Václav Klaus ml.,Vítěz,305,12.1. 12:00,60302
2016-11-13T11:01:04.945740,Zdeněk Škromach,Vítěz,525,12.1. 12:00,60303
2016-11-13T11:01:04.945740,Petr Pavel,Vítěz,250,12.1. 12:00,60304
2016-11-13T11:01:04.945740,Jaromír Jágr,Vítěz,680,12.1. 12:00,60305
2016-11-13T11:01:04.945740,Miroslav Sládek,Vítěz,3113,12.1. 12:00,60306
2016-11-13T11:01:04.945740,Karel Gott,Vítěz,750,12.1. 12:00,60307
2016-11-13T11:01:04.945740,Marek Eben,Vítěz,888,12.1. 12:00,60308
2016-11-13T11:01:04.945740,Milan Kohout,Vítěz,1555,12.1. 12:00,60309
2016-11-13T11:01:04.945740,Jana Yngland Hrušková,Vítěz,2111,12.1. 12:00,60310
2016-11-13T11:01:04.945740,Marek Hilšer,Vítěz,2111,12.1. 12:00,60311
2016-11-13T11:01:04.945740,Vladimír Špidla,Vítěz,525,12.1. 12:00,60312
2016-11-13T11:01:04.945740,Martin Stropnický,Vítěz,27,12.1. 12:00,60313
2016-11-13T11:01:04.945740,Marek Dalík,Vítěz,9999,12.1. 12:00,60314
2016-11-13T11:01:04.945740,Daniel Herman,Vítěz,100,12.1. 12:00,60321
2016-11-13T11:01:04.945740,Karel Schwarzenberg,Vítěz,55,12.1. 12:00,60322
2016-11-13T11:01:04.945740,Jan Kraus,Vítěz,1111,12.1. 12:00,60323
2016-11-13T11:01:04.945740,Luděk Sobota,Vítěz,5555,12.1. 12:00,60382
2016-11-13T23:01:05.600290,Miloš Zeman,Vítěz,1.8,12.1. 12:00,60210
2016-11-13T23:01:05.600290,Michal Horáček,Vítěz,3.3,12.1. 12:00,60211
2016-11-13T23:01:05.600290,Jan Švejnar,Vítěz,21,12.1. 12:00,60212
2016-11-13T23:01:05.600290,Tomáš Halík,Vítěz,82,12.1. 12:00,60213
2016-11-13T23:01:05.600290,Jiří Pospíšil,Vítěz,20,12.1. 12:00,60292
2016-11-13T23:01:05.600290,Jiří Dienstbier,Vítěz,105,12.1. 12:00,60293
2016-11-13T23:01:05.600290,Pavel Rychetský,Vítěz,25,12.1. 12:00,60294
2016-11-13T23:01:05.600290,Zuzana Roithová,Vítěz,70,12.1. 12:00,60295
2016-11-13T23:01:05.600290,Vladimír Dlouhý,Vítěz,60,12.1. 12:00,60296
2016-11-13T23:01:05.600290,Andrej Babiš,Vítěz,50,12.1. 12:00,60297
2016-11-13T23:01:05.600290,Tomio Okamura,Vítěz,222,12.1. 12:00,60298
2016-11-13T23:01:05.600290,Jaroslav Kubera,Vítěz,90,12.1. 12:00,60299
2016-11-13T23:01:05.600290,Václav Klaus st.,Vítěz,36,12.1. 12:00,60300
2016-11-13T23:01:05.600290,Livia Klausová,Vítěz,250,12.1. 12:00,60301
2016-11-13T23:01:05.600290,Václav Klaus ml.,Vítěz,305,12.1. 12:00,60302
2016-11-13T23:01:05.600290,Zdeněk Škromach,Vítěz,525,12.1. 12:00,60303
2016-11-13T23:01:05.600290,Petr Pavel,Vítěz,250,12.1. 12:00,60304
2016-11-13T23:01:05.600290,Jaromír Jágr,Vítěz,680,12.1. 12:00,60305
2016-11-13T23:01:05.600290,Miroslav Sládek,Vítěz,3113,12.1. 12:00,60306
2016-11-13T23:01:05.600290,Karel Gott,Vítěz,750,12.1. 12:00,60307
2016-11-13T23:01:05.600290,Marek Eben,Vítěz,888,12.1. 12:00,60308
2016-11-13T23:01:05.600290,Milan Kohout,Vítěz,1555,12.1. 12:00,60309
2016-11-13T23:01:05.600290,Jana Yngland Hrušková,Vítěz,2111,12.1. 12:00,60310
2016-11-13T23:01:05.600290,Marek Hilšer,Vítěz,2111,12.1. 12:00,60311
2016-11-13T23:01:05.600290,Vladimír Špidla,Vítěz,525,12.1. 12:00,60312
2016-11-13T23:01:05.600290,Martin Stropnický,Vítěz,27,12.1. 12:00,60313
2016-11-13T23:01:05.600290,Marek Dalík,Vítěz,9999,12.1. 12:00,60314
2016-11-13T23:01:05.600290,Daniel Herman,Vítěz,100,12.1. 12:00,60321
2016-11-13T23:01:05.600290,Karel Schwarzenberg,Vítěz,55,12.1. 12:00,60322
2016-11-13T23:01:05.600290,Jan Kraus,Vítěz,1111,12.1. 12:00,60323
2016-11-13T23:01:05.600290,Luděk Sobota,Vítěz,5555,12.1. 12:00,60382
2016-11-14T11:01:03.203647,Miloš Zeman,Vítěz,1.8,12.1. 12:00,60210
2016-11-14T11:01:03.203647,Michal Horáček,Vítěz,3.3,12.1. 12:00,60211
2016-11-14T11:01:03.203647,Jan Švejnar,Vítěz,21,12.1. 12:00,60212
2016-11-14T11:01:03.203647,Tomáš Halík,Vítěz,82,12.1. 12:00,60213
2016-11-14T11:01:03.203647,Jiří Pospíšil,Vítěz,20,12.1. 12:00,60292
2016-11-14T11:01:03.203647,Jiří Dienstbier,Vítěz,105,12.1. 12:00,60293
2016-11-14T11:01:03.203647,Pavel Rychetský,Vítěz,25,12.1. 12:00,60294
2016-11-14T11:01:03.203647,Zuzana Roithová,Vítěz,70,12.1. 12:00,60295
2016-11-14T11:01:03.203647,Vladimír Dlouhý,Vítěz,60,12.1. 12:00,60296
2016-11-14T11:01:03.203647,Andrej Babiš,Vítěz,50,12.1. 12:00,60297
2016-11-14T11:01:03.203647,Tomio Okamura,Vítěz,222,12.1. 12:00,60298
2016-11-14T11:01:03.203647,Jaroslav Kubera,Vítěz,90,12.1. 12:00,60299
2016-11-14T11:01:03.203647,Václav Klaus st.,Vítěz,36,12.1. 12:00,60300
2016-11-14T11:01:03.203647,Livia Klausová,Vítěz,250,12.1. 12:00,60301
2016-11-14T11:01:03.203647,Václav Klaus ml.,Vítěz,305,12.1. 12:00,60302
2016-11-14T11:01:03.203647,Zdeněk Škromach,Vítěz,525,12.1. 12:00,60303
2016-11-14T11:01:03.203647,Petr Pavel,Vítěz,250,12.1. 12:00,60304
2016-11-14T11:01:03.203647,Jaromír Jágr,Vítěz,680,12.1. 12:00,60305
2016-11-14T11:01:03.203647,Miroslav Sládek,Vítěz,3113,12.1. 12:00,60306
2016-11-14T11:01:03.203647,Karel Gott,Vítěz,750,12.1. 12:00,60307
2016-11-14T11:01:03.203647,Marek Eben,Vítěz,888,12.1. 12:00,60308
2016-11-14T11:01:03.203647,Milan Kohout,Vítěz,1555,12.1. 12:00,60309
2016-11-14T11:01:03.203647,Jana Yngland Hrušková,Vítěz,2111,12.1. 12:00,60310
2016-11-14T11:01:03.203647,Marek Hilšer,Vítěz,2111,12.1. 12:00,60311
2016-11-14T11:01:03.203647,Vladimír Špidla,Vítěz,525,12.1. 12:00,60312
2016-11-14T11:01:03.203647,Martin Stropnický,Vítěz,22,12.1. 12:00,60313
2016-11-14T11:01:03.203647,Marek Dalík,Vítěz,9999,12.1. 12:00,60314
2016-11-14T11:01:03.203647,Daniel Herman,Vítěz,100,12.1. 12:00,60321
2016-11-14T11:01:03.203647,Karel Schwarzenberg,Vítěz,55,12.1. 12:00,60322
2016-11-14T11:01:03.203647,Jan Kraus,Vítěz,1111,12.1. 12:00,60323
2016-11-14T11:01:03.203647,Luděk Sobota,Vítěz,5555,12.1. 12:00,60382
2016-11-14T23:01:05.751067,Miloš Zeman,Vítěz,1.8,12.1. 12:00,60210
2016-11-14T23:01:05.751067,Michal Horáček,Vítěz,3.3,12.1. 12:00,60211
2016-11-14T23:01:05.751067,Jan Švejnar,Vítěz,21,12.1. 12:00,60212
2016-11-14T23:01:05.751067,Tomáš Halík,Vítěz,82,12.1. 12:00,60213
2016-11-14T23:01:05.751067,Jiří Pospíšil,Vítěz,20,12.1. 12:00,60292
2016-11-14T23:01:05.751067,Jiří Dienstbier,Vítěz,105,12.1. 12:00,60293
2016-11-14T23:01:05.751067,Pavel Rychetský,Vítěz,25,12.1. 12:00,60294
2016-11-14T23:01:05.751067,Zuzana Roithová,Vítěz,70,12.1. 12:00,60295
2016-11-14T23:01:05.751067,Vladimír Dlouhý,Vítěz,60,12.1. 12:00,60296
2016-11-14T23:01:05.751067,Andrej Babiš,Vítěz,50,12.1. 12:00,60297
2016-11-14T23:01:05.751067,Tomio Okamura,Vítěz,222,12.1. 12:00,60298
2016-11-14T23:01:05.751067,Jaroslav Kubera,Vítěz,90,12.1. 12:00,60299
2016-11-14T23:01:05.751067,Václav Klaus st.,Vítěz,36,12.1. 12:00,60300
2016-11-14T23:01:05.751067,Livia Klausová,Vítěz,250,12.1. 12:00,60301
2016-11-14T23:01:05.751067,Václav Klaus ml.,Vítěz,305,12.1. 12:00,60302
2016-11-14T23:01:05.751067,Zdeněk Škromach,Vítěz,525,12.1. 12:00,60303
2016-11-14T23:01:05.751067,Petr Pavel,Vítěz,250,12.1. 12:00,60304
2016-11-14T23:01:05.751067,Jaromír Jágr,Vítěz,680,12.1. 12:00,60305
2016-11-14T23:01:05.751067,Miroslav Sládek,Vítěz,3113,12.1. 12:00,60306
2016-11-14T23:01:05.751067,Karel Gott,Vítěz,750,12.1. 12:00,60307
2016-11-14T23:01:05.751067,Marek Eben,Vítěz,888,12.1. 12:00,60308
2016-11-14T23:01:05.751067,Milan Kohout,Vítěz,1555,12.1. 12:00,60309
2016-11-14T23:01:05.751067,Jana Yngland Hrušková,Vítěz,2111,12.1. 12:00,60310
2016-11-14T23:01:05.751067,Marek Hilšer,Vítěz,2111,12.1. 12:00,60311
2016-11-14T23:01:05.751067,Vladimír Špidla,Vítěz,525,12.1. 12:00,60312
2016-11-14T23:01:05.751067,Martin Stropnický,Vítěz,22,12.1. 12:00,60313
2016-11-14T23:01:05.751067,Marek Dalík,Vítěz,9999,12.1. 12:00,60314
2016-11-14T23:01:05.751067,Daniel Herman,Vítěz,100,12.1. 12:00,60321
2016-11-14T23:01:05.751067,Karel Schwarzenberg,Vítěz,55,12.1. 12:00,60322
2016-11-14T23:01:05.751067,Jan Kraus,Vítěz,1111,12.1. 12:00,60323
2016-11-14T23:01:05.751067,Luděk Sobota,Vítěz,5555,12.1. 12:00,60382
2016-11-15T11:01:03.375978,Miloš Zeman,Vítěz,1.8,12.1. 12:00,60210
2016-11-15T11:01:03.375978,Michal Horáček,Vítěz,3.3,12.1. 12:00,60211
2016-11-15T11:01:03.375978,Jan Švejnar,Vítěz,21,12.1. 12:00,60212
2016-11-15T11:01:03.375978,Tomáš Halík,Vítěz,82,12.1. 12:00,60213
2016-11-15T11:01:03.375978,Jiří Pospíšil,Vítěz,20,12.1. 12:00,60292
2016-11-15T11:01:03.375978,Jiří Dienstbier,Vítěz,105,12.1. 12:00,60293
2016-11-15T11:01:03.375978,Pavel Rychetský,Vítěz,25,12.1. 12:00,60294
2016-11-15T11:01:03.375978,Zuzana Roithová,Vítěz,70,12.1. 12:00,60295
2016-11-15T11:01:03.375978,Vladimír Dlouhý,Vítěz,60,12.1. 12:00,60296
2016-11-15T11:01:03.375978,Andrej Babiš,Vítěz,50,12.1. 12:00,60297
2016-11-15T11:01:03.375978,Tomio Okamura,Vítěz,222,12.1. 12:00,60298
2016-11-15T11:01:03.375978,Jaroslav Kubera,Vítěz,90,12.1. 12:00,60299
2016-11-15T11:01:03.375978,Václav Klaus st.,Vítěz,36,12.1. 12:00,60300
2016-11-15T11:01:03.375978,Livia Klausová,Vítěz,250,12.1. 12:00,60301
2016-11-15T11:01:03.375978,Václav Klaus ml.,Vítěz,305,12.1. 12:00,60302
2016-11-15T11:01:03.375978,Zdeněk Škromach,Vítěz,525,12.1. 12:00,60303
2016-11-15T11:01:03.375978,Petr Pavel,Vítěz,250,12.1. 12:00,60304
2016-11-15T11:01:03.375978,Jaromír Jágr,Vítěz,680,12.1. 12:00,60305
2016-11-15T11:01:03.375978,Miroslav Sládek,Vítěz,3113,12.1. 12:00,60306
2016-11-15T11:01:03.375978,Karel Gott,Vítěz,750,12.1. 12:00,60307
2016-11-15T11:01:03.375978,Marek Eben,Vítěz,888,12.1. 12:00,60308
2016-11-15T11:01:03.375978,Milan Kohout,Vítěz,1555,12.1. 12:00,60309
2016-11-15T11:01:03.375978,Jana Yngland Hrušková,Vítěz,2111,12.1. 12:00,60310
2016-11-15T11:01:03.375978,Marek Hilšer,Vítěz,2111,12.1. 12:00,60311
2016-11-15T11:01:03.375978,Vladimír Špidla,Vítěz,525,12.1. 12:00,60312
2016-11-15T11:01:03.375978,Martin Stropnický,Vítěz,22,12.1. 12:00,60313
2016-11-15T11:01:03.375978,Marek Dalík,Vítěz,9999,12.1. 12:00,60314
2016-11-15T11:01:03.375978,Daniel Herman,Vítěz,100,12.1. 12:00,60321
2016-11-15T11:01:03.375978,Karel Schwarzenberg,Vítěz,55,12.1. 12:00,60322
2016-11-15T11:01:03.375978,Jan Kraus,Vítěz,888,12.1. 12:00,60323
2016-11-15T11:01:03.375978,Luděk Sobota,Vítěz,5555,12.1. 12:00,60382
2016-11-15T23:02:35.885752,Miloš Zeman,Vítěz,1.8,12.1. 12:00,60210
2016-11-15T23:02:35.885752,Michal Horáček,Vítěz,3.3,12.1. 12:00,60211
2016-11-15T23:02:35.885752,Jan Švejnar,Vítěz,21,12.1. 12:00,60212
2016-11-15T23:02:35.885752,Tomáš Halík,Vítěz,82,12.1. 12:00,60213
2016-11-15T23:02:35.885752,Jiří Pospíšil,Vítěz,20,12.1. 12:00,60292
2016-11-15T23:02:35.885752,Jiří Dienstbier,Vítěz,105,12.1. 12:00,60293
2016-11-15T23:02:35.885752,Pavel Rychetský,Vítěz,25,12.1. 12:00,60294
2016-11-15T23:02:35.885752,Zuzana Roithová,Vítěz,70,12.1. 12:00,60295
2016-11-15T23:02:35.885752,Vladimír Dlouhý,Vítěz,60,12.1. 12:00,60296
2016-11-15T23:02:35.885752,Andrej Babiš,Vítěz,50,12.1. 12:00,60297
2016-11-15T23:02:35.885752,Tomio Okamura,Vítěz,222,12.1. 12:00,60298
2016-11-15T23:02:35.885752,Jaroslav Kubera,Vítěz,90,12.1. 12:00,60299
2016-11-15T23:02:35.885752,Václav Klaus st.,Vítěz,36,12.1. 12:00,60300
2016-11-15T23:02:35.885752,Livia Klausová,Vítěz,250,12.1. 12:00,60301
2016-11-15T23:02:35.885752,Václav Klaus ml.,Vítěz,305,12.1. 12:00,60302
2016-11-15T23:02:35.885752,Zdeněk Škromach,Vítěz,525,12.1. 12:00,60303
2016-11-15T23:02:35.885752,Petr Pavel,Vítěz,250,12.1. 12:00,60304
2016-11-15T23:02:35.885752,Jaromír Jágr,Vítěz,680,12.1. 12:00,60305
2016-11-15T23:02:35.885752,Miroslav Sládek,Vítěz,3113,12.1. 12:00,60306
2016-11-15T23:02:35.885752,Karel Gott,Vítěz,750,12.1. 12:00,60307
2016-11-15T23:02:35.885752,Marek Eben,Vítěz,888,12.1. 12:00,60308
2016-11-15T23:02:35.885752,Milan Kohout,Vítěz,1555,12.1. 12:00,60309
2016-11-15T23:02:35.885752,Jana Yngland Hrušková,Vítěz,2111,12.1. 12:00,60310
2016-11-15T23:02:35.885752,Marek Hilšer,Vítěz,2111,12.1. 12:00,60311
2016-11-15T23:02:35.885752,Vladimír Špidla,Vítěz,525,12.1. 12:00,60312
2016-11-15T23:02:35.885752,Martin Stropnický,Vítěz,22,12.1. 12:00,60313
2016-11-15T23:02:35.885752,Marek Dalík,Vítěz,9999,12.1. 12:00,60314
2016-11-15T23:02:35.885752,Daniel Herman,Vítěz,100,12.1. 12:00,60321
2016-11-15T23:02:35.885752,Karel Schwarzenberg,Vítěz,55,12.1. 12:00,60322
2016-11-15T23:02:35.885752,Jan Kraus,Vítěz,888,12.1. 12:00,60323
2016-11-15T23:02:35.885752,Luděk Sobota,Vítěz,5555,12.1. 12:00,60382
2016-11-15T23:02:35.885752,Igor Sládek,Vítěz,200,12.1. 12:00,60483
2016-11-16T11:01:02.872256,Miloš Zeman,Vítěz,1.8,12.1. 12:00,60210
2016-11-16T11:01:02.872256,Michal Horáček,Vítěz,3.3,12.1. 12:00,60211
2016-11-16T11:01:02.872256,Jan Švejnar,Vítěz,21,12.1. 12:00,60212
2016-11-16T11:01:02.872256,Tomáš Halík,Vítěz,82,12.1. 12:00,60213
2016-11-16T11:01:02.872256,Jiří Pospíšil,Vítěz,20,12.1. 12:00,60292
2016-11-16T11:01:02.872256,Jiří Dienstbier,Vítěz,105,12.1. 12:00,60293
2016-11-16T11:01:02.872256,Pavel Rychetský,Vítěz,25,12.1. 12:00,60294
2016-11-16T11:01:02.872256,Zuzana Roithová,Vítěz,70,12.1. 12:00,60295
2016-11-16T11:01:02.872256,Vladimír Dlouhý,Vítěz,60,12.1. 12:00,60296
2016-11-16T11:01:02.872256,Andrej Babiš,Vítěz,50,12.1. 12:00,60297
2016-11-16T11:01:02.872256,Tomio Okamura,Vítěz,222,12.1. 12:00,60298
2016-11-16T11:01:02.872256,Jaroslav Kubera,Vítěz,90,12.1. 12:00,60299
2016-11-16T11:01:02.872256,Václav Klaus st.,Vítěz,36,12.1. 12:00,60300
2016-11-16T11:01:02.872256,Livia Klausová,Vítěz,250,12.1. 12:00,60301
2016-11-16T11:01:02.872256,Václav Klaus ml.,Vítěz,305,12.1. 12:00,60302
2016-11-16T11:01:02.872256,Zdeněk Škromach,Vítěz,525,12.1. 12:00,60303
2016-11-16T11:01:02.872256,Petr Pavel,Vítěz,250,12.1. 12:00,60304
2016-11-16T11:01:02.872256,Jaromír Jágr,Vítěz,680,12.1. 12:00,60305
2016-11-16T11:01:02.872256,Miroslav Sládek,Vítěz,3113,12.1. 12:00,60306
2016-11-16T11:01:02.872256,Karel Gott,Vítěz,750,12.1. 12:00,60307
2016-11-16T11:01:02.872256,Marek Eben,Vítěz,888,12.1. 12:00,60308
2016-11-16T11:01:02.872256,Milan Kohout,Vítěz,1555,12.1. 12:00,60309
2016-11-16T11:01:02.872256,Jana Yngland Hrušková,Vítěz,2111,12.1. 12:00,60310
2016-11-16T11:01:02.872256,Marek Hilšer,Vítěz,2111,12.1. 12:00,60311
2016-11-16T11:01:02.872256,Vladimír Špidla,Vítěz,525,12.1. 12:00,60312
2016-11-16T11:01:02.872256,Martin Stropnický,Vítěz,22,12.1. 12:00,60313
2016-11-16T11:01:02.872256,Marek Dalík,Vítěz,9999,12.1. 12:00,60314
2016-11-16T11:01:02.872256,Daniel Herman,Vítěz,100,12.1. 12:00,60321
2016-11-16T11:01:02.872256,Karel Schwarzenberg,Vítěz,55,12.1. 12:00,60322
2016-11-16T11:01:02.872256,Jan Kraus,Vítěz,888,12.1. 12:00,60323
2016-11-16T11:01:02.872256,Luděk Sobota,Vítěz,5555,12.1. 12:00,60382
2016-11-16T11:01:02.872256,Igor Sládek,Vítěz,200,12.1. 12:00,60483
2016-11-16T23:01:05.562018,Miloš Zeman,Vítěz,1.8,12.1. 12:00,60210
2016-11-16T23:01:05.562018,Michal Horáček,Vítěz,3.3,12.1. 12:00,60211
2016-11-16T23:01:05.562018,Jan Švejnar,Vítěz,21,12.1. 12:00,60212
2016-11-16T23:01:05.562018,Tomáš Halík,Vítěz,82,12.1. 12:00,60213
2016-11-16T23:01:05.562018,Jiří Pospíšil,Vítěz,20,12.1. 12:00,60292
2016-11-16T23:01:05.562018,Jiří Dienstbier,Vítěz,105,12.1. 12:00,60293
2016-11-16T23:01:05.562018,Pavel Rychetský,Vítěz,25,12.1. 12:00,60294
2016-11-16T23:01:05.562018,Zuzana Roithová,Vítěz,70,12.1. 12:00,60295
2016-11-16T23:01:05.562018,Vladimír Dlouhý,Vítěz,60,12.1. 12:00,60296
2016-11-16T23:01:05.562018,Andrej Babiš,Vítěz,50,12.1. 12:00,60297
2016-11-16T23:01:05.562018,Tomio Okamura,Vítěz,222,12.1. 12:00,60298
2016-11-16T23:01:05.562018,Jaroslav Kubera,Vítěz,90,12.1. 12:00,60299
2016-11-16T23:01:05.562018,Václav Klaus st.,Vítěz,36,12.1. 12:00,60300
2016-11-16T23:01:05.562018,Livia Klausová,Vítěz,250,12.1. 12:00,60301
2016-11-16T23:01:05.562018,Václav Klaus ml.,Vítěz,305,12.1. 12:00,60302
2016-11-16T23:01:05.562018,Zdeněk Škromach,Vítěz,525,12.1. 12:00,60303
2016-11-16T23:01:05.562018,Petr Pavel,Vítěz,250,12.1. 12:00,60304
2016-11-16T23:01:05.562018,Jaromír Jágr,Vítěz,680,12.1. 12:00,60305
2016-11-16T23:01:05.562018,Miroslav Sládek,Vítěz,3113,12.1. 12:00,60306
2016-11-16T23:01:05.562018,Karel Gott,Vítěz,750,12.1. 12:00,60307
2016-11-16T23:01:05.562018,Marek Eben,Vítěz,888,12.1. 12:00,60308
2016-11-16T23:01:05.562018,Milan Kohout,Vítěz,1555,12.1. 12:00,60309
2016-11-16T23:01:05.562018,Jana Yngland Hrušková,Vítěz,2111,12.1. 12:00,60310
2016-11-16T23:01:05.562018,Marek Hilšer,Vítěz,2111,12.1. 12:00,60311
2016-11-16T23:01:05.562018,Vladimír Špidla,Vítěz,525,12.1. 12:00,60312
2016-11-16T23:01:05.562018,Martin Stropnický,Vítěz,22,12.1. 12:00,60313
2016-11-16T23:01:05.562018,Marek Dalík,Vítěz,9999,12.1. 12:00,60314
2016-11-16T23:01:05.562018,Daniel Herman,Vítěz,100,12.1. 12:00,60321
2016-11-16T23:01:05.562018,Karel Schwarzenberg,Vítěz,55,12.1. 12:00,60322
2016-11-16T23:01:05.562018,Jan Kraus,Vítěz,888,12.1. 12:00,60323
2016-11-16T23:01:05.562018,Luděk Sobota,Vítěz,5555,12.1. 12:00,60382
2016-11-16T23:01:05.562018,Igor Sládek,Vítěz,200,12.1. 12:00,60483
2016-11-17T11:01:03.097722,Miloš Zeman,Vítěz,1.8,12.1. 12:00,60210
2016-11-17T11:01:03.097722,Michal Horáček,Vítěz,3.3,12.1. 12:00,60211
2016-11-17T11:01:03.097722,Jan Švejnar,Vítěz,21,12.1. 12:00,60212
2016-11-17T11:01:03.097722,Tomáš Halík,Vítěz,82,12.1. 12:00,60213
2016-11-17T11:01:03.097722,Jiří Pospíšil,Vítěz,20,12.1. 12:00,60292
2016-11-17T11:01:03.097722,Jiří Dienstbier,Vítěz,105,12.1. 12:00,60293
2016-11-17T11:01:03.097722,Pavel Rychetský,Vítěz,25,12.1. 12:00,60294
2016-11-17T11:01:03.097722,Zuzana Roithová,Vítěz,70,12.1. 12:00,60295
2016-11-17T11:01:03.097722,Vladimír Dlouhý,Vítěz,60,12.1. 12:00,60296
2016-11-17T11:01:03.097722,Andrej Babiš,Vítěz,50,12.1. 12:00,60297
2016-11-17T11:01:03.097722,Tomio Okamura,Vítěz,222,12.1. 12:00,60298
2016-11-17T11:01:03.097722,Jaroslav Kubera,Vítěz,90,12.1. 12:00,60299
2016-11-17T11:01:03.097722,Václav Klaus st.,Vítěz,36,12.1. 12:00,60300
2016-11-17T11:01:03.097722,Livia Klausová,Vítěz,250,12.1. 12:00,60301
2016-11-17T11:01:03.097722,Václav Klaus ml.,Vítěz,305,12.1. 12:00,60302
2016-11-17T11:01:03.097722,Zdeněk Škromach,Vítěz,525,12.1. 12:00,60303
2016-11-17T11:01:03.097722,Petr Pavel,Vítěz,250,12.1. 12:00,60304
2016-11-17T11:01:03.097722,Jaromír Jágr,Vítěz,680,12.1. 12:00,60305
2016-11-17T11:01:03.097722,Miroslav Sládek,Vítěz,3113,12.1. 12:00,60306
2016-11-17T11:01:03.097722,Karel Gott,Vítěz,750,12.1. 12:00,60307
2016-11-17T11:01:03.097722,Marek Eben,Vítěz,888,12.1. 12:00,60308
2016-11-17T11:01:03.097722,Milan Kohout,Vítěz,1555,12.1. 12:00,60309
2016-11-17T11:01:03.097722,Jana Yngland Hrušková,Vítěz,2111,12.1. 12:00,60310
2016-11-17T11:01:03.097722,Marek Hilšer,Vítěz,2111,12.1. 12:00,60311
2016-11-17T11:01:03.097722,Vladimír Špidla,Vítěz,525,12.1. 12:00,60312
2016-11-17T11:01:03.097722,Martin Stropnický,Vítěz,22,12.1. 12:00,60313
2016-11-17T11:01:03.097722,Marek Dalík,Vítěz,9999,12.1. 12:00,60314
2016-11-17T11:01:03.097722,Daniel Herman,Vítěz,100,12.1. 12:00,60321
2016-11-17T11:01:03.097722,Karel Schwarzenberg,Vítěz,55,12.1. 12:00,60322
2016-11-17T11:01:03.097722,Jan Kraus,Vítěz,888,12.1. 12:00,60323
2016-11-17T11:01:03.097722,Luděk Sobota,Vítěz,5555,12.1. 12:00,60382
2016-11-17T11:01:03.097722,Igor Sládek,Vítěz,200,12.1. 12:00,60483
2016-11-17T23:01:03.378614,Miloš Zeman,Vítěz,1.8,12.1. 12:00,60210
2016-11-17T23:01:03.378614,Michal Horáček,Vítěz,3.3,12.1. 12:00,60211
2016-11-17T23:01:03.378614,Jan Švejnar,Vítěz,21,12.1. 12:00,60212
2016-11-17T23:01:03.378614,Tomáš Halík,Vítěz,82,12.1. 12:00,60213
2016-11-17T23:01:03.378614,Jiří Pospíšil,Vítěz,20,12.1. 12:00,60292
2016-11-17T23:01:03.378614,Jiří Dienstbier,Vítěz,105,12.1. 12:00,60293
2016-11-17T23:01:03.378614,Pavel Rychetský,Vítěz,25,12.1. 12:00,60294
2016-11-17T23:01:03.378614,Zuzana Roithová,Vítěz,70,12.1. 12:00,60295
2016-11-17T23:01:03.378614,Vladimír Dlouhý,Vítěz,60,12.1. 12:00,60296
2016-11-17T23:01:03.378614,Andrej Babiš,Vítěz,50,12.1. 12:00,60297
2016-11-17T23:01:03.378614,Tomio Okamura,Vítěz,222,12.1. 12:00,60298
2016-11-17T23:01:03.378614,Jaroslav Kubera,Vítěz,90,12.1. 12:00,60299
2016-11-17T23:01:03.378614,Václav Klaus st.,Vítěz,36,12.1. 12:00,60300
2016-11-17T23:01:03.378614,Livia Klausová,Vítěz,250,12.1. 12:00,60301
2016-11-17T23:01:03.378614,Václav Klaus ml.,Vítěz,305,12.1. 12:00,60302
2016-11-17T23:01:03.378614,Zdeněk Škromach,Vítěz,525,12.1. 12:00,60303
2016-11-17T23:01:03.378614,Petr Pavel,Vítěz,250,12.1. 12:00,60304
2016-11-17T23:01:03.378614,Jaromír Jágr,Vítěz,680,12.1. 12:00,60305
2016-11-17T23:01:03.378614,Miroslav Sládek,Vítěz,3113,12.1. 12:00,60306
2016-11-17T23:01:03.378614,Karel Gott,Vítěz,750,12.1. 12:00,60307
2016-11-17T23:01:03.378614,Marek Eben,Vítěz,888,12.1. 12:00,60308
2016-11-17T23:01:03.378614,Milan Kohout,Vítěz,1555,12.1. 12:00,60309
2016-11-17T23:01:03.378614,Jana Yngland Hrušková,Vítěz,2111,12.1. 12:00,60310
2016-11-17T23:01:03.378614,Marek Hilšer,Vítěz,2111,12.1. 12:00,60311
2016-11-17T23:01:03.378614,Vladimír Špidla,Vítěz,525,12.1. 12:00,60312
2016-11-17T23:01:03.378614,Martin Stropnický,Vítěz,22,12.1. 12:00,60313
2016-11-17T23:01:03.378614,Marek Dalík,Vítěz,9999,12.1. 12:00,60314
2016-11-17T23:01:03.378614,Daniel Herman,Vítěz,100,12.1. 12:00,60321
2016-11-17T23:01:03.378614,Karel Schwarzenberg,Vítěz,55,12.1. 12:00,60322
2016-11-17T23:01:03.378614,Jan Kraus,Vítěz,888,12.1. 12:00,60323
2016-11-17T23:01:03.378614,Luděk Sobota,Vítěz,5555,12.1. 12:00,60382
2016-11-17T23:01:03.378614,Igor Sládek,Vítěz,50,12.1. 12:00,60483
2016-11-18T11:01:04.011495,Miloš Zeman,Vítěz,1.8,12.1. 12:00,60210
2016-11-18T11:01:04.011495,Michal Horáček,Vítěz,3.3,12.1. 12:00,60211
2016-11-18T11:01:04.011495,Jan Švejnar,Vítěz,21,12.1. 12:00,60212
2016-11-18T11:01:04.011495,Tomáš Halík,Vítěz,82,12.1. 12:00,60213
2016-11-18T11:01:04.011495,Jiří Pospíšil,Vítěz,20,12.1. 12:00,60292
2016-11-18T11:01:04.011495,Jiří Dienstbier,Vítěz,105,12.1. 12:00,60293
2016-11-18T11:01:04.011495,Pavel Rychetský,Vítěz,25,12.1. 12:00,60294
2016-11-18T11:01:04.011495,Zuzana Roithová,Vítěz,70,12.1. 12:00,60295
2016-11-18T11:01:04.011495,Vladimír Dlouhý,Vítěz,60,12.1. 12:00,60296
2016-11-18T11:01:04.011495,Andrej Babiš,Vítěz,50,12.1. 12:00,60297
2016-11-18T11:01:04.011495,Tomio Okamura,Vítěz,222,12.1. 12:00,60298
2016-11-18T11:01:04.011495,Jaroslav Kubera,Vítěz,90,12.1. 12:00,60299
2016-11-18T11:01:04.011495,Václav Klaus st.,Vítěz,36,12.1. 12:00,60300
2016-11-18T11:01:04.011495,Livia Klausová,Vítěz,250,12.1. 12:00,60301
2016-11-18T11:01:04.011495,Václav Klaus ml.,Vítěz,305,12.1. 12:00,60302
2016-11-18T11:01:04.011495,Zdeněk Škromach,Vítěz,525,12.1. 12:00,60303
2016-11-18T11:01:04.011495,Petr Pavel,Vítěz,250,12.1. 12:00,60304
2016-11-18T11:01:04.011495,Jaromír Jágr,Vítěz,680,12.1. 12:00,60305
2016-11-18T11:01:04.011495,Miroslav Sládek,Vítěz,3113,12.1. 12:00,60306
2016-11-18T11:01:04.011495,Karel Gott,Vítěz,750,12.1. 12:00,60307
2016-11-18T11:01:04.011495,Marek Eben,Vítěz,888,12.1. 12:00,60308
2016-11-18T11:01:04.011495,Milan Kohout,Vítěz,1555,12.1. 12:00,60309
2016-11-18T11:01:04.011495,Jana Yngland Hrušková,Vítěz,2111,12.1. 12:00,60310
2016-11-18T11:01:04.011495,Marek Hilšer,Vítěz,2111,12.1. 12:00,60311
2016-11-18T11:01:04.011495,Vladimír Špidla,Vítěz,525,12.1. 12:00,60312
2016-11-18T11:01:04.011495,Martin Stropnický,Vítěz,22,12.1. 12:00,60313
2016-11-18T11:01:04.011495,Marek Dalík,Vítěz,9999,12.1. 12:00,60314
2016-11-18T11:01:04.011495,Daniel Herman,Vítěz,100,12.1. 12:00,60321
2016-11-18T11:01:04.011495,Karel Schwarzenberg,Vítěz,55,12.1. 12:00,60322
2016-11-18T11:01:04.011495,Jan Kraus,Vítěz,888,12.1. 12:00,60323
2016-11-18T11:01:04.011495,Luděk Sobota,Vítěz,5555,12.1. 12:00,60382
2016-11-18T11:01:04.011495,Igor Sládek,Vítěz,50,12.1. 12:00,60483
2016-11-18T23:02:34.505022,Miloš Zeman,Vítěz,1.8,12.1. 12:00,60210
2016-11-18T23:02:34.505022,Michal Horáček,Vítěz,3.3,12.1. 12:00,60211
2016-11-18T23:02:34.505022,Jan Švejnar,Vítěz,21,12.1. 12:00,60212
2016-11-18T23:02:34.505022,Tomáš Halík,Vítěz,82,12.1. 12:00,60213
2016-11-18T23:02:34.505022,Jiří Pospíšil,Vítěz,20,12.1. 12:00,60292
2016-11-18T23:02:34.505022,Jiří Dienstbier,Vítěz,105,12.1. 12:00,60293
2016-11-18T23:02:34.505022,Pavel Rychetský,Vítěz,25,12.1. 12:00,60294
2016-11-18T23:02:34.505022,Zuzana Roithová,Vítěz,70,12.1. 12:00,60295
2016-11-18T23:02:34.505022,Vladimír Dlouhý,Vítěz,60,12.1. 12:00,60296
2016-11-18T23:02:34.505022,Andrej Babiš,Vítěz,50,12.1. 12:00,60297
2016-11-18T23:02:34.505022,Tomio Okamura,Vítěz,222,12.1. 12:00,60298
2016-11-18T23:02:34.505022,Jaroslav Kubera,Vítěz,90,12.1. 12:00,60299
2016-11-18T23:02:34.505022,Václav Klaus st.,Vítěz,36,12.1. 12:00,60300
2016-11-18T23:02:34.505022,Livia Klausová,Vítěz,250,12.1. 12:00,60301
2016-11-18T23:02:34.505022,Václav Klaus ml.,Vítěz,305,12.1. 12:00,60302
2016-11-18T23:02:34.505022,Zdeněk Škromach,Vítěz,525,12.1. 12:00,60303
2016-11-18T23:02:34.505022,Petr Pavel,Vítěz,250,12.1. 12:00,60304
2016-11-18T23:02:34.505022,Jaromír Jágr,Vítěz,680,12.1. 12:00,60305
2016-11-18T23:02:34.505022,Miroslav Sládek,Vítěz,3113,12.1. 12:00,60306
2016-11-18T23:02:34.505022,Karel Gott,Vítěz,750,12.1. 12:00,60307
2016-11-18T23:02:34.505022,Marek Eben,Vítěz,888,12.1. 12:00,60308
2016-11-18T23:02:34.505022,Milan Kohout,Vítěz,1555,12.1. 12:00,60309
2016-11-18T23:02:34.505022,Jana Yngland Hrušková,Vítěz,2111,12.1. 12:00,60310
2016-11-18T23:02:34.505022,Marek Hilšer,Vítěz,2111,12.1. 12:00,60311
2016-11-18T23:02:34.505022,Vladimír Špidla,Vítěz,525,12.1. 12:00,60312
2016-11-18T23:02:34.505022,Martin Stropnický,Vítěz,22,12.1. 12:00,60313
2016-11-18T23:02:34.505022,Marek Dalík,Vítěz,9999,12.1. 12:00,60314
2016-11-18T23:02:34.505022,Daniel Herman,Vítěz,100,12.1. 12:00,60321
2016-11-18T23:02:34.505022,Karel Schwarzenberg,Vítěz,55,12.1. 12:00,60322
2016-11-18T23:02:34.505022,Jan Kraus,Vítěz,888,12.1. 12:00,60323
2016-11-18T23:02:34.505022,Luděk Sobota,Vítěz,5555,12.1. 12:00,60382
2016-11-18T23:02:34.505022,Igor Sládek,Vítěz,40,12.1. 12:00,60483
2016-11-19T11:01:02.799692,Miloš Zeman,Vítěz,1.8,12.1. 12:00,60210
2016-11-19T11:01:02.799692,Michal Horáček,Vítěz,3.3,12.1. 12:00,60211
2016-11-19T11:01:02.799692,Jan Švejnar,Vítěz,21,12.1. 12:00,60212
2016-11-19T11:01:02.799692,Tomáš Halík,Vítěz,82,12.1. 12:00,60213
2016-11-19T11:01:02.799692,Jiří Pospíšil,Vítěz,20,12.1. 12:00,60292
2016-11-19T11:01:02.799692,Jiří Dienstbier,Vítěz,105,12.1. 12:00,60293
2016-11-19T11:01:02.799692,Pavel Rychetský,Vítěz,25,12.1. 12:00,60294
2016-11-19T11:01:02.799692,Zuzana Roithová,Vítěz,70,12.1. 12:00,60295
2016-11-19T11:01:02.799692,Vladimír Dlouhý,Vítěz,60,12.1. 12:00,60296
2016-11-19T11:01:02.799692,Andrej Babiš,Vítěz,50,12.1. 12:00,60297
2016-11-19T11:01:02.799692,Tomio Okamura,Vítěz,222,12.1. 12:00,60298
2016-11-19T11:01:02.799692,Jaroslav Kubera,Vítěz,90,12.1. 12:00,60299
2016-11-19T11:01:02.799692,Václav Klaus st.,Vítěz,36,12.1. 12:00,60300
2016-11-19T11:01:02.799692,Livia Klausová,Vítěz,250,12.1. 12:00,60301
2016-11-19T11:01:02.799692,Václav Klaus ml.,Vítěz,305,12.1. 12:00,60302
2016-11-19T11:01:02.799692,Zdeněk Škromach,Vítěz,525,12.1. 12:00,60303
2016-11-19T11:01:02.799692,Petr Pavel,Vítěz,250,12.1. 12:00,60304
2016-11-19T11:01:02.799692,Jaromír Jágr,Vítěz,680,12.1. 12:00,60305
2016-11-19T11:01:02.799692,Miroslav Sládek,Vítěz,3113,12.1. 12:00,60306
2016-11-19T11:01:02.799692,Karel Gott,Vítěz,750,12.1. 12:00,60307
2016-11-19T11:01:02.799692,Marek Eben,Vítěz,888,12.1. 12:00,60308
2016-11-19T11:01:02.799692,Milan Kohout,Vítěz,1555,12.1. 12:00,60309
2016-11-19T11:01:02.799692,Jana Yngland Hrušková,Vítěz,2111,12.1. 12:00,60310
2016-11-19T11:01:02.799692,Marek Hilšer,Vítěz,2111,12.1. 12:00,60311
2016-11-19T11:01:02.799692,Vladimír Špidla,Vítěz,525,12.1. 12:00,60312
2016-11-19T11:01:02.799692,Martin Stropnický,Vítěz,22,12.1. 12:00,60313
2016-11-19T11:01:02.799692,Marek Dalík,Vítěz,9999,12.1. 12:00,60314
2016-11-19T11:01:02.799692,Daniel Herman,Vítěz,100,12.1. 12:00,60321
2016-11-19T11:01:02.799692,Karel Schwarzenberg,Vítěz,55,12.1. 12:00,60322
2016-11-19T11:01:02.799692,Jan Kraus,Vítěz,888,12.1. 12:00,60323
2016-11-19T11:01:02.799692,Luděk Sobota,Vítěz,5555,12.1. 12:00,60382
2016-11-19T11:01:02.799692,Igor Sládek,Vítěz,40,12.1. 12:00,60483
2016-11-19T23:01:03.170543,Miloš Zeman,Vítěz,1.8,12.1. 12:00,60210
2016-11-19T23:01:03.170543,Michal Horáček,Vítěz,3.3,12.1. 12:00,60211
2016-11-19T23:01:03.170543,Jan Švejnar,Vítěz,21,12.1. 12:00,60212
2016-11-19T23:01:03.170543,Tomáš Halík,Vítěz,82,12.1. 12:00,60213
2016-11-19T23:01:03.170543,Jiří Pospíšil,Vítěz,20,12.1. 12:00,60292
2016-11-19T23:01:03.170543,Jiří Dienstbier,Vítěz,105,12.1. 12:00,60293
2016-11-19T23:01:03.170543,Pavel Rychetský,Vítěz,25,12.1. 12:00,60294
2016-11-19T23:01:03.170543,Zuzana Roithová,Vítěz,70,12.1. 12:00,60295
2016-11-19T23:01:03.170543,Vladimír Dlouhý,Vítěz,60,12.1. 12:00,60296
2016-11-19T23:01:03.170543,Andrej Babiš,Vítěz,50,12.1. 12:00,60297
2016-11-19T23:01:03.170543,Tomio Okamura,Vítěz,222,12.1. 12:00,60298
2016-11-19T23:01:03.170543,Jaroslav Kubera,Vítěz,90,12.1. 12:00,60299
2016-11-19T23:01:03.170543,Václav Klaus st.,Vítěz,36,12.1. 12:00,60300
2016-11-19T23:01:03.170543,Livia Klausová,Vítěz,250,12.1. 12:00,60301
2016-11-19T23:01:03.170543,Václav Klaus ml.,Vítěz,305,12.1. 12:00,60302
2016-11-19T23:01:03.170543,Zdeněk Škromach,Vítěz,525,12.1. 12:00,60303
2016-11-19T23:01:03.170543,Petr Pavel,Vítěz,250,12.1. 12:00,60304
2016-11-19T23:01:03.170543,Jaromír Jágr,Vítěz,680,12.1. 12:00,60305
2016-11-19T23:01:03.170543,Miroslav Sládek,Vítěz,3113,12.1. 12:00,60306
2016-11-19T23:01:03.170543,Karel Gott,Vítěz,750,12.1. 12:00,60307
2016-11-19T23:01:03.170543,Marek Eben,Vítěz,888,12.1. 12:00,60308
2016-11-19T23:01:03.170543,Milan Kohout,Vítěz,1555,12.1. 12:00,60309
2016-11-19T23:01:03.170543,Jana Yngland Hrušková,Vítěz,2111,12.1. 12:00,60310
2016-11-19T23:01:03.170543,Marek Hilšer,Vítěz,2111,12.1. 12:00,60311
2016-11-19T23:01:03.170543,Vladimír Špidla,Vítěz,525,12.1. 12:00,60312
2016-11-19T23:01:03.170543,Martin Stropnický,Vítěz,22,12.1. 12:00,60313
2016-11-19T23:01:03.170543,Marek Dalík,Vítěz,9999,12.1. 12:00,60314
2016-11-19T23:01:03.170543,Daniel Herman,Vítěz,100,12.1. 12:00,60321
2016-11-19T23:01:03.170543,Karel Schwarzenberg,Vítěz,55,12.1. 12:00,60322
2016-11-19T23:01:03.170543,Jan Kraus,Vítěz,888,12.1. 12:00,60323
2016-11-19T23:01:03.170543,Luděk Sobota,Vítěz,5555,12.1. 12:00,60382
2016-11-19T23:01:03.170543,Igor Sládek,Vítěz,30,12.1. 12:00,60483
2016-11-20T23:02:08.269806,Miloš Zeman,Vítěz,1.8,12.1. 12:00,60210
2016-11-20T23:02:08.269806,Michal Horáček,Vítěz,3.3,12.1. 12:00,60211
2016-11-20T23:02:08.269806,Jan Švejnar,Vítěz,21,12.1. 12:00,60212
2016-11-20T23:02:08.269806,Tomáš Halík,Vítěz,82,12.1. 12:00,60213
2016-11-20T23:02:08.269806,Jiří Pospíšil,Vítěz,20,12.1. 12:00,60292
2016-11-20T23:02:08.269806,Jiří Dienstbier,Vítěz,105,12.1. 12:00,60293
2016-11-20T23:02:08.269806,Pavel Rychetský,Vítěz,25,12.1. 12:00,60294
2016-11-20T23:02:08.269806,Zuzana Roithová,Vítěz,70,12.1. 12:00,60295
2016-11-20T23:02:08.269806,Vladimír Dlouhý,Vítěz,60,12.1. 12:00,60296
2016-11-20T23:02:08.269806,Andrej Babiš,Vítěz,50,12.1. 12:00,60297
2016-11-20T23:02:08.269806,Tomio Okamura,Vítěz,222,12.1. 12:00,60298
2016-11-20T23:02:08.269806,Jaroslav Kubera,Vítěz,90,12.1. 12:00,60299
2016-11-20T23:02:08.269806,Václav Klaus st.,Vítěz,36,12.1. 12:00,60300
2016-11-20T23:02:08.269806,Livia Klausová,Vítěz,250,12.1. 12:00,60301
2016-11-20T23:02:08.269806,Václav Klaus ml.,Vítěz,305,12.1. 12:00,60302
2016-11-20T23:02:08.269806,Zdeněk Škromach,Vítěz,525,12.1. 12:00,60303
2016-11-20T23:02:08.269806,Petr Pavel,Vítěz,250,12.1. 12:00,60304
2016-11-20T23:02:08.269806,Jaromír Jágr,Vítěz,680,12.1. 12:00,60305
2016-11-20T23:02:08.269806,Miroslav Sládek,Vítěz,3113,12.1. 12:00,60306
2016-11-20T23:02:08.269806,Karel Gott,Vítěz,750,12.1. 12:00,60307
2016-11-20T23:02:08.269806,Marek Eben,Vítěz,888,12.1. 12:00,60308
2016-11-20T23:02:08.269806,Milan Kohout,Vítěz,1555,12.1. 12:00,60309
2016-11-20T23:02:08.269806,Jana Yngland Hrušková,Vítěz,2111,12.1. 12:00,60310
2016-11-20T23:02:08.269806,Marek Hilšer,Vítěz,2111,12.1. 12:00,60311
2016-11-20T23:02:08.269806,Vladimír Špidla,Vítěz,525,12.1. 12:00,60312
2016-11-20T23:02:08.269806,Martin Stropnický,Vítěz,22,12.1. 12:00,60313
2016-11-20T23:02:08.269806,Marek Dalík,Vítěz,9999,12.1. 12:00,60314
2016-11-20T23:02:08.269806,Daniel Herman,Vítěz,100,12.1. 12:00,60321
2016-11-20T23:02:08.269806,Karel Schwarzenberg,Vítěz,55,12.1. 12:00,60322
2016-11-20T23:02:08.269806,Jan Kraus,Vítěz,888,12.1. 12:00,60323
2016-11-20T23:02:08.269806,Luděk Sobota,Vítěz,5555,12.1. 12:00,60382
2016-11-20T23:02:08.269806,Igor Sládek,Vítěz,15,12.1. 12:00,60483
2016-11-21T11:01:02.705724,Miloš Zeman,Vítěz,1.8,12.1. 12:00,60210
2016-11-21T11:01:02.705724,Michal Horáček,Vítěz,3.3,12.1. 12:00,60211
2016-11-21T11:01:02.705724,Jan Švejnar,Vítěz,21,12.1. 12:00,60212
2016-11-21T11:01:02.705724,Tomáš Halík,Vítěz,82,12.1. 12:00,60213
2016-11-21T11:01:02.705724,Jiří Pospíšil,Vítěz,20,12.1. 12:00,60292
2016-11-21T11:01:02.705724,Jiří Dienstbier,Vítěz,105,12.1. 12:00,60293
2016-11-21T11:01:02.705724,Pavel Rychetský,Vítěz,25,12.1. 12:00,60294
2016-11-21T11:01:02.705724,Zuzana Roithová,Vítěz,70,12.1. 12:00,60295
2016-11-21T11:01:02.705724,Vladimír Dlouhý,Vítěz,60,12.1. 12:00,60296
2016-11-21T11:01:02.705724,Andrej Babiš,Vítěz,50,12.1. 12:00,60297
2016-11-21T11:01:02.705724,Tomio Okamura,Vítěz,222,12.1. 12:00,60298
2016-11-21T11:01:02.705724,Jaroslav Kubera,Vítěz,90,12.1. 12:00,60299
2016-11-21T11:01:02.705724,Václav Klaus st.,Vítěz,36,12.1. 12:00,60300
2016-11-21T11:01:02.705724,Livia Klausová,Vítěz,250,12.1. 12:00,60301
2016-11-21T11:01:02.705724,Václav Klaus ml.,Vítěz,305,12.1. 12:00,60302
2016-11-21T11:01:02.705724,Zdeněk Škromach,Vítěz,525,12.1. 12:00,60303
2016-11-21T11:01:02.705724,Petr Pavel,Vítěz,250,12.1. 12:00,60304
2016-11-21T11:01:02.705724,Jaromír Jágr,Vítěz,680,12.1. 12:00,60305
2016-11-21T11:01:02.705724,Miroslav Sládek,Vítěz,3113,12.1. 12:00,60306
2016-11-21T11:01:02.705724,Karel Gott,Vítěz,750,12.1. 12:00,60307
2016-11-21T11:01:02.705724,Marek Eben,Vítěz,888,12.1. 12:00,60308
2016-11-21T11:01:02.705724,Milan Kohout,Vítěz,1555,12.1. 12:00,60309
2016-11-21T11:01:02.705724,Jana Yngland Hrušková,Vítěz,2111,12.1. 12:00,60310
2016-11-21T11:01:02.705724,Marek Hilšer,Vítěz,2111,12.1. 12:00,60311
2016-11-21T11:01:02.705724,Vladimír Špidla,Vítěz,525,12.1. 12:00,60312
2016-11-21T11:01:02.705724,Martin Stropnický,Vítěz,22,12.1. 12:00,60313
2016-11-21T11:01:02.705724,Marek Dalík,Vítěz,9999,12.1. 12:00,60314
2016-11-21T11:01:02.705724,Daniel Herman,Vítěz,100,12.1. 12:00,60321
2016-11-21T11:01:02.705724,Karel Schwarzenberg,Vítěz,55,12.1. 12:00,60322
2016-11-21T11:01:02.705724,Jan Kraus,Vítěz,888,12.1. 12:00,60323
2016-11-21T11:01:02.705724,Luděk Sobota,Vítěz,5555,12.1. 12:00,60382
2016-11-21T11:01:02.705724,Igor Sládek,Vítěz,15,12.1. 12:00,60483
2016-11-21T23:01:05.225362,Miloš Zeman,Vítěz,1.9,12.1. 12:00,60210
2016-11-21T23:01:05.225362,Michal Horáček,Vítěz,3.3,12.1. 12:00,60211
2016-11-21T23:01:05.225362,Jan Švejnar,Vítěz,21,12.1. 12:00,60212
2016-11-21T23:01:05.225362,Tomáš Halík,Vítěz,82,12.1. 12:00,60213
2016-11-21T23:01:05.225362,Jiří Pospíšil,Vítěz,20,12.1. 12:00,60292
2016-11-21T23:01:05.225362,Jiří Dienstbier,Vítěz,105,12.1. 12:00,60293
2016-11-21T23:01:05.225362,Pavel Rychetský,Vítěz,25,12.1. 12:00,60294
2016-11-21T23:01:05.225362,Zuzana Roithová,Vítěz,70,12.1. 12:00,60295
2016-11-21T23:01:05.225362,Vladimír Dlouhý,Vítěz,60,12.1. 12:00,60296
2016-11-21T23:01:05.225362,Andrej Babiš,Vítěz,50,12.1. 12:00,60297
2016-11-21T23:01:05.225362,Tomio Okamura,Vítěz,222,12.1. 12:00,60298
2016-11-21T23:01:05.225362,Jaroslav Kubera,Vítěz,90,12.1. 12:00,60299
2016-11-21T23:01:05.225362,Václav Klaus st.,Vítěz,36,12.1. 12:00,60300
2016-11-21T23:01:05.225362,Livia Klausová,Vítěz,250,12.1. 12:00,60301
2016-11-21T23:01:05.225362,Václav Klaus ml.,Vítěz,305,12.1. 12:00,60302
2016-11-21T23:01:05.225362,Zdeněk Škromach,Vítěz,525,12.1. 12:00,60303
2016-11-21T23:01:05.225362,Petr Pavel,Vítěz,250,12.1. 12:00,60304
2016-11-21T23:01:05.225362,Jaromír Jágr,Vítěz,680,12.1. 12:00,60305
2016-11-21T23:01:05.225362,Miroslav Sládek,Vítěz,3113,12.1. 12:00,60306
2016-11-21T23:01:05.225362,Karel Gott,Vítěz,750,12.1. 12:00,60307
2016-11-21T23:01:05.225362,Marek Eben,Vítěz,888,12.1. 12:00,60308
2016-11-21T23:01:05.225362,Milan Kohout,Vítěz,1555,12.1. 12:00,60309
2016-11-21T23:01:05.225362,Jana Yngland Hrušková,Vítěz,2111,12.1. 12:00,60310
2016-11-21T23:01:05.225362,Marek Hilšer,Vítěz,2111,12.1. 12:00,60311
2016-11-21T23:01:05.225362,Vladimír Špidla,Vítěz,525,12.1. 12:00,60312
2016-11-21T23:01:05.225362,Martin Stropnický,Vítěz,20,12.1. 12:00,60313
2016-11-21T23:01:05.225362,Marek Dalík,Vítěz,9999,12.1. 12:00,60314
2016-11-21T23:01:05.225362,Daniel Herman,Vítěz,100,12.1. 12:00,60321
2016-11-21T23:01:05.225362,Karel Schwarzenberg,Vítěz,55,12.1. 12:00,60322
2016-11-21T23:01:05.225362,Jan Kraus,Vítěz,888,12.1. 12:00,60323
2016-11-21T23:01:05.225362,Luděk Sobota,Vítěz,5555,12.1. 12:00,60382
2016-11-21T23:01:05.225362,Igor Sládek,Vítěz,15,12.1. 12:00,60483
2016-11-22T11:01:03.245739,Miloš Zeman,Vítěz,1.9,12.1. 12:00,60210
2016-11-22T11:01:03.245739,Michal Horáček,Vítěz,3.3,12.1. 12:00,60211
2016-11-22T11:01:03.245739,Jan Švejnar,Vítěz,21,12.1. 12:00,60212
2016-11-22T11:01:03.245739,Tomáš Halík,Vítěz,82,12.1. 12:00,60213
2016-11-22T11:01:03.245739,Jiří Pospíšil,Vítěz,20,12.1. 12:00,60292
2016-11-22T11:01:03.245739,Jiří Dienstbier,Vítěz,105,12.1. 12:00,60293
2016-11-22T11:01:03.245739,Pavel Rychetský,Vítěz,25,12.1. 12:00,60294
2016-11-22T11:01:03.245739,Zuzana Roithová,Vítěz,70,12.1. 12:00,60295
2016-11-22T11:01:03.245739,Vladimír Dlouhý,Vítěz,60,12.1. 12:00,60296
2016-11-22T11:01:03.245739,Andrej Babiš,Vítěz,50,12.1. 12:00,60297
2016-11-22T11:01:03.245739,Tomio Okamura,Vítěz,222,12.1. 12:00,60298
2016-11-22T11:01:03.245739,Jaroslav Kubera,Vítěz,90,12.1. 12:00,60299
2016-11-22T11:01:03.245739,Václav Klaus st.,Vítěz,36,12.1. 12:00,60300
2016-11-22T11:01:03.245739,Livia Klausová,Vítěz,250,12.1. 12:00,60301
2016-11-22T11:01:03.245739,Václav Klaus ml.,Vítěz,305,12.1. 12:00,60302
2016-11-22T11:01:03.245739,Zdeněk Škromach,Vítěz,525,12.1. 12:00,60303
2016-11-22T11:01:03.245739,Petr Pavel,Vítěz,250,12.1. 12:00,60304
2016-11-22T11:01:03.245739,Jaromír Jágr,Vítěz,680,12.1. 12:00,60305
2016-11-22T11:01:03.245739,Miroslav Sládek,Vítěz,3113,12.1. 12:00,60306
2016-11-22T11:01:03.245739,Karel Gott,Vítěz,750,12.1. 12:00,60307
2016-11-22T11:01:03.245739,Marek Eben,Vítěz,888,12.1. 12:00,60308
2016-11-22T11:01:03.245739,Milan Kohout,Vítěz,1555,12.1. 12:00,60309
2016-11-22T11:01:03.245739,Jana Yngland Hrušková,Vítěz,2111,12.1. 12:00,60310
2016-11-22T11:01:03.245739,Marek Hilšer,Vítěz,2111,12.1. 12:00,60311
2016-11-22T11:01:03.245739,Vladimír Špidla,Vítěz,525,12.1. 12:00,60312
2016-11-22T11:01:03.245739,Martin Stropnický,Vítěz,20,12.1. 12:00,60313
2016-11-22T11:01:03.245739,Marek Dalík,Vítěz,9999,12.1. 12:00,60314
2016-11-22T11:01:03.245739,Daniel Herman,Vítěz,100,12.1. 12:00,60321
2016-11-22T11:01:03.245739,Karel Schwarzenberg,Vítěz,55,12.1. 12:00,60322
2016-11-22T11:01:03.245739,Jan Kraus,Vítěz,888,12.1. 12:00,60323
2016-11-22T11:01:03.245739,Luděk Sobota,Vítěz,5555,12.1. 12:00,60382
2016-11-22T11:01:03.245739,Igor Sládek,Vítěz,15,12.1. 12:00,60483
2016-11-22T23:02:42.585051,Miloš Zeman,Vítěz,1.9,12.1. 12:00,60210
2016-11-22T23:02:42.585051,Michal Horáček,Vítěz,3.3,12.1. 12:00,60211
2016-11-22T23:02:42.585051,Jan Švejnar,Vítěz,21,12.1. 12:00,60212
2016-11-22T23:02:42.585051,Tomáš Halík,Vítěz,82,12.1. 12:00,60213
2016-11-22T23:02:42.585051,Jiří Pospíšil,Vítěz,20,12.1. 12:00,60292
2016-11-22T23:02:42.585051,Jiří Dienstbier,Vítěz,105,12.1. 12:00,60293
2016-11-22T23:02:42.585051,Pavel Rychetský,Vítěz,25,12.1. 12:00,60294
2016-11-22T23:02:42.585051,Zuzana Roithová,Vítěz,70,12.1. 12:00,60295
2016-11-22T23:02:42.585051,Vladimír Dlouhý,Vítěz,60,12.1. 12:00,60296
2016-11-22T23:02:42.585051,Andrej Babiš,Vítěz,50,12.1. 12:00,60297
2016-11-22T23:02:42.585051,Tomio Okamura,Vítěz,222,12.1. 12:00,60298
2016-11-22T23:02:42.585051,Jaroslav Kubera,Vítěz,90,12.1. 12:00,60299
2016-11-22T23:02:42.585051,Václav Klaus st.,Vítěz,36,12.1. 12:00,60300
2016-11-22T23:02:42.585051,Livia Klausová,Vítěz,250,12.1. 12:00,60301
2016-11-22T23:02:42.585051,Václav Klaus ml.,Vítěz,305,12.1. 12:00,60302
2016-11-22T23:02:42.585051,Zdeněk Škromach,Vítěz,525,12.1. 12:00,60303
2016-11-22T23:02:42.585051,Petr Pavel,Vítěz,250,12.1. 12:00,60304
2016-11-22T23:02:42.585051,Jaromír Jágr,Vítěz,680,12.1. 12:00,60305
2016-11-22T23:02:42.585051,Miroslav Sládek,Vítěz,3113,12.1. 12:00,60306
2016-11-22T23:02:42.585051,Karel Gott,Vítěz,750,12.1. 12:00,60307
2016-11-22T23:02:42.585051,Marek Eben,Vítěz,888,12.1. 12:00,60308
2016-11-22T23:02:42.585051,Milan Kohout,Vítěz,1555,12.1. 12:00,60309
2016-11-22T23:02:42.585051,Jana Yngland Hrušková,Vítěz,2111,12.1. 12:00,60310
2016-11-22T23:02:42.585051,Marek Hilšer,Vítěz,2111,12.1. 12:00,60311
2016-11-22T23:02:42.585051,Vladimír Špidla,Vítěz,525,12.1. 12:00,60312
2016-11-22T23:02:42.585051,Martin Stropnický,Vítěz,20,12.1. 12:00,60313
2016-11-22T23:02:42.585051,Marek Dalík,Vítěz,9999,12.1. 12:00,60314
2016-11-22T23:02:42.585051,Daniel Herman,Vítěz,100,12.1. 12:00,60321
2016-11-22T23:02:42.585051,Karel Schwarzenberg,Vítěz,55,12.1. 12:00,60322
2016-11-22T23:02:42.585051,Jan Kraus,Vítěz,888,12.1. 12:00,60323
2016-11-22T23:02:42.585051,Luděk Sobota,Vítěz,5555,12.1. 12:00,60382
2016-11-22T23:02:42.585051,Igor Sládek,Vítěz,15,12.1. 12:00,60483
